userId,porcentagem_coberta,filmes_apareceram,filmes_nao_apareceram
1,90.0,"[1024, 1, 1920, 3, 1025, 1029, 6, 2947, 2948, 2949, 1804, 1805, 527, 1552, 2193, 2450, 1275, 2580, 661, 2459, 2716, 2596, 1573, 2099, 1208, 2105, 1210, 2616, 1089, 1090, 2115, 1092, 3448, 2761, 3671, 216, 3034, 733, 480, 608, 2273, 235, 2028, 3052, 3053, 3440, 1265, 2033, 3441, 1270, 3703, 3702, 2427, 2046]","[231, 457, 2700, 1517, 2268, 1213]"
2,83.33,"[1704, 80489, 80906, 333, 79132]",[3578]
3,100.0,"[2288, 849, 1587, 6835, 7899, 5919]",[]
4,69.23,"[3083, 4239, 919, 920, 1947, 2204, 800, 1967, 2351, 4273, 3508, 1466, 1086, 1225, 2762, 3408, 345, 1500, 348, 1250, 3044, 2791, 1517, 1136, 3060, 892, 125]","[162, 2692, 708, 106, 3851, 1259, 1103, 368, 914, 4246, 1914, 2203]"
5,88.89,"[1, 290, 296, 367, 594, 595, 596, 21]",[34]
6,97.73,"[2, 3, 5, 141, 24, 281, 26, 32, 292, 1064, 304, 440, 700, 60, 61, 62, 450, 195, 708, 709, 454, 838, 590, 207, 848, 337, 210, 339, 340, 593, 594, 852, 361, 491, 364, 110, 367, 112, 500, 252, 248, 250, 508]",[1082]
7,90.48,"[1, 4993, 4995, 8961, 6539, 780, 150, 924, 3869, 3114, 1584, 50, 5445, 1610, 6863, 3408, 7143, 1270, 8957]","[8949, 750]"
8,87.5,"[2, 296, 11, 593, 21, 253, 318]",[590]
9,62.5,"[5218, 5445, 5447, 922, 223]","[6001, 923, 5965]"
10,80.0,"[33794, 88163, 106696, 103339, 588, 7149, 7153, 1907, 79091, 104374, 49272, 6942]","[912, 40819, 81845]"
11,100.0,"[480, 36, 1604, 6, 1608, 457, 780, 1101, 110, 2028, 474, 1210, 1693]",[]
12,88.89,"[39, 2572, 8533, 2485, 40629, 2072, 222, 6942]",[168]
13,83.33,"[47, 3793, 3827, 3798, 1590]",[1198]
14,85.71,"[32, 356, 47, 339, 376, 25]",[593]
15,94.44,"[318, 2916, 260, 122886, 296, 2858, 2571, 112556, 71057, 4018, 4370, 134130, 84152, 1210, 69757, 1214, 1240]",[4720]
16,83.33,"[4226, 78499, 293, 91529, 1261, 750, 4973, 849, 50, 913, 1267, 5618, 1208, 68954, 1276]","[1207, 1203, 111]"
17,81.48,"[4993, 4226, 2571, 1291, 527, 79132, 2858, 47, 50, 7482, 1213, 1089, 1090, 1221, 1222, 2762, 589, 590, 4571, 7153, 1270, 1405]","[1, 78499, 1036, 80463, 27773]"
18,79.52,"[111362, 6787, 6, 122886, 778, 1036, 780, 54286, 2959, 16, 89745, 122900, 150548, 2324, 4886, 45722, 79132, 32, 112421, 122918, 4007, 6440, 180777, 99114, 185135, 431, 1201, 1203, 157108, 8117, 1206, 1080, 3896, 45499, 65596, 1086, 1729, 1732, 1221, 1222, 1223, 64197, 5445, 88140, 112334, 55118, 77561, 5464, 8665, 71899, 8798, 37729, 4963, 37733, 99813, 5608, 745, 1260, 3949, 3052, 98809, 508, 1270, 44665, 1276, 69757]","[155168, 78499, 356, 71108, 59784, 90600, 235, 6539, 4973, 55276, 36529, 2291, 180, 2997, 1721, 2268, 223]"
19,87.88,"[1, 1923, 2186, 3471, 2716, 541, 32, 3745, 34, 2723, 551, 1967, 818, 2359, 1079, 1086, 837, 1097, 2762, 2253, 1234, 852, 2005, 1240, 3035, 1372, 1374, 1376, 3056]","[1256, 457, 3477, 2997]"
20,94.59,"[1025, 1282, 13, 4886, 5785, 2078, 2080, 2081, 34, 4014, 48, 4016, 5816, 2746, 5952, 3397, 3398, 2761, 1489, 594, 595, 596, 3410, 2140, 2141, 4700, 6365, 5218, 1380, 5103, 2161, 2804, 1013, 1022, 3967]","[4310, 5015]"
21,91.11,"[53121, 5378, 260, 53125, 104841, 10, 3082, 8972, 3984, 7569, 7570, 152081, 8984, 117529, 2717, 115617, 78499, 4005, 72998, 5418, 1196, 1198, 105653, 94777, 95170, 2115, 5445, 2376, 53322, 3022, 4306, 164179, 2012, 355, 2916, 743, 119145, 33004, 106487, 77561, 167036]","[94677, 2763, 3253, 7143]"
22,41.67,"[4036, 48780, 55820, 4848, 253]","[4903, 107, 2160, 49272, 2300, 3006, 216]"
23,93.33,"[1089, 6, 6440, 1232, 1233, 50, 2579, 5971, 1237, 5782, 923, 924, 29, 2686]",[2467]
24,77.78,"[6, 7143, 296, 3147, 5791, 1265, 50, 134130, 1396, 132660, 58998, 1527, 3578, 58559]","[119145, 2686, 64957, 6350]"
25,88.89,"[260, 60069, 122916, 527, 59315, 176371, 177593, 58559]",[231]
26,100.0,"[296, 165, 47]",[]
27,100.0,"[2, 2565, 1287, 648, 1276, 3350, 2080, 34, 3114, 1196, 1197, 2094, 48, 1584, 2100, 2628, 969, 590, 595, 986, 2529, 3681, 3836, 1015, 3448, 1148]",[]
28,91.43,"[260, 60684, 70286, 4878, 7438, 5010, 7458, 293, 60069, 72998, 296, 1196, 38061, 36529, 7481, 2105, 8644, 3272, 590, 55118, 858, 1249, 3300, 2021, 2278, 34405, 1256, 60389, 1266, 8950, 26614, 4223]","[3250, 53123, 54286]"
29,100.0,"[48516, 48774, 87306, 98961, 5010, 150, 1945, 82459, 924, 165, 953, 316, 1224, 51540, 5464, 1242, 1250, 4327, 2028, 1136, 2301]",[]
30,90.0,"[5952, 33794, 260, 93510, 110, 7153, 95510, 122904, 318]",[96821]
31,100.0,"[736, 1, 7, 648, 1353, 10, 1196, 1197, 1356, 1073, 1361, 733]",[]
32,94.44,"[194, 100, 7, 296, 1036, 141, 1196, 1197, 592, 1198, 314, 852, 21, 25, 538, 539, 318]",[912]
33,90.0,"[1923, 261, 17, 21, 28, 1056, 1059, 1060, 1446, 715, 1358, 337, 339, 345, 475, 2396, 1885, 223, 608, 1888, 613, 232, 1641, 2539, 497, 1393, 507]","[1673, 1653, 2542]"
34,80.0,"[6721, 4643, 3717, 3624, 10, 27193, 4720, 6711, 3000, 27801, 6618, 4447]","[318, 356, 44974]"
35,100.0,"[261, 11, 300, 50, 21, 252]",[]
36,100.0,"[318, 1234, 1262]",[]
37,83.33,"[165, 231, 457, 593, 150]",[590]
38,100.0,"[551, 11, 300, 110, 527, 590, 50, 246, 318]",[]
39,86.36,"[260, 2571, 296, 2987, 1196, 1197, 1198, 1584, 50, 2997, 3000, 1729, 3911, 2391, 858, 2529, 610, 1258, 1270]","[1248, 745, 1610]"
40,95.24,"[1, 265, 266, 272, 17, 21, 173, 685, 431, 440, 317, 318, 327, 203, 205, 609, 107, 110, 111, 371]",[610]
41,86.67,"[6016, 4226, 46723, 4235, 7438, 2959, 6287, 2712, 116897, 293, 296, 2858, 66097, 67255, 61240, 4027, 96829, 7361, 92259, 357, 128360, 1258, 5995, 118900, 8949, 49530]","[1721, 46578, 1259, 89759]"
42,84.62,"[3, 260, 1673, 10, 11, 1036, 144, 2194, 150, 3098, 4509, 1060, 4516, 1191, 1704, 3752, 3753, 3755, 1580, 2605, 1961, 3120, 2352, 1968, 1457, 4022, 3256, 3257, 1722, 1466, 2490, 1597, 4027, 2497, 4034, 2371, 4293, 2502, 1608, 2763, 2000, 593, 2771, 468, 2906, 1246, 4321, 2146, 4322, 2915, 356, 2918, 1127, 2791, 364, 110, 2671, 1393, 3441, 381, 1270, 507, 3448, 2683, 252, 253]","[509, 2115, 1027, 1124, 590, 1265, 597, 3450, 3259, 3100, 4541, 2335]"
43,96.88,"[256, 1, 3, 5, 519, 520, 648, 532, 661, 158, 161, 165, 47, 48, 432, 434, 435, 57, 316, 317, 318, 711, 1356, 592, 1105, 594, 355, 356, 362, 238, 253]",[590]
44,100.0,"[737, 36, 805, 1639, 1517, 1552, 18, 852, 94]",[]
45,80.25,"[1, 1282, 1921, 260, 1029, 6, 2694, 2311, 1923, 51080, 1035, 2700, 6539, 2959, 19, 2324, 1431, 1688, 2083, 292, 1573, 2087, 552, 1704, 3752, 3753, 1196, 296, 1407, 2987, 1584, 2096, 2997, 3254, 1591, 4034, 2504, 4299, 588, 589, 3534, 3536, 3793, 4306, 2771, 1246, 4958, 4963, 1127, 2791, 5481, 1258, 107, 364, 110, 4974, 112, 1136, 367, 368, 1396, 3196, 765, 5502, 2687]","[2528, 7173, 2329, 1033, 6377, 778, 1961, 2797, 2541, 33679, 784, 3253, 3510, 50872, 1721, 5500]"
46,88.89,"[32, 1, 454, 457, 266, 236, 50, 253]",[434]
47,83.33,"[72641, 112804, 5669, 391, 63082, 140715, 69712, 5108, 117881, 318]","[356, 3844]"
48,88.89,"[2081, 2115, 1320, 653, 5903, 8371, 1690, 5882]",[48]
49,71.43,"[5218, 6377, 110, 47099, 168252]","[356, 318]"
50,83.33,"[7396, 7748, 296, 1199, 1136, 111, 1201, 2160, 1274, 541]","[2019, 7700]"
51,74.6,"[1272, 4865, 5505, 3, 260, 7, 2183, 2951, 1674, 924, 2978, 3363, 34338, 8874, 1196, 1200, 1201, 2615, 5816, 953, 316, 5568, 4034, 2374, 1479, 2375, 2762, 589, 1999, 593, 849, 339, 1748, 2391, 1373, 3421, 610, 3814, 2664, 1257, 7147, 1391, 54001, 1267, 4855, 1784, 3070]","[4002, 2, 3683, 2248, 4713, 52973, 4014, 56367, 8784, 2033, 2194, 3763, 7000, 6873, 3388, 2015]"
52,80.56,"[46976, 8961, 260, 63113, 112138, 54286, 1784, 150, 57368, 30749, 44191, 293, 110501, 1704, 5418, 73017, 76093, 58559, 57669, 134853, 5064, 74458, 134368, 54503, 52973, 134130, 49272, 44665, 49530]","[1923, 5669, 63082, 96811, 64620, 31696, 49651]"
53,66.67,"[249, 381, 1100, 1125]","[1256, 203]"
55,75.0,"[1275, 2542, 54286]",[1293]
56,100.0,"[225, 292, 231, 457, 10, 11, 364, 19, 380]",[]
57,88.89,"[1, 1283, 260, 1285, 1284, 2311, 3334, 2571, 908, 911, 912, 1939, 1429, 3479, 32, 1953, 2081, 3494, 2087, 940, 3500, 942, 1200, 1201, 50, 1204, 2102, 951, 1080, 3256, 2490, 3643, 1223, 329, 457, 1226, 2761, 1101, 2762, 592, 594, 1234, 2770, 3030, 3671, 3032, 480, 1376, 2529, 3681, 3044, 1254, 1127, 3175, 2921, 235, 1643, 494, 750, 1391, 1265, 1653, 2935, 2300]","[1954, 1670, 1256, 778, 2922, 781, 593, 2297]"
58,100.0,"[261, 5, 7, 265, 21, 150, 277, 161, 165, 318, 327, 333, 589, 594, 595, 480, 364, 367, 368, 497, 508]",[]
59,74.07,"[2944, 3461, 3462, 647, 648, 3471, 913, 922, 924, 1183, 1573, 2726, 41, 1610, 1233, 1617, 1244, 105, 2028, 111]","[1953, 1188, 2020, 2763, 1151, 733, 1247]"
60,100.0,"[3424, 6016, 362, 527, 318, 58559]",[]
61,90.91,"[32, 4993, 4226, 4878, 16, 1201, 50, 30707, 27831, 1208]",[1090]
62,82.14,"[166528, 3969, 2, 4993, 48516, 53125, 6, 166534, 48394, 2571, 527, 5903, 89745, 67734, 6934, 2329, 122912, 136864, 116897, 122916, 122918, 72998, 1704, 83369, 38061, 103341, 47, 109487, 1203, 96821, 56757, 81845, 5816, 84152, 1210, 108729, 73017, 116797, 104374, 58559, 8636, 8641, 71106, 1221, 175303, 30793, 32587, 2124, 113741, 593, 8914, 164179, 112852, 136020, 116823, 103772, 41566, 88163, 4963, 114662, 7143, 3949, 40815, 7153, 52722, 176371, 139385, 52604, 5630]","[97921, 48385, 64969, 586, 56587, 3948, 4973, 176601, 31696, 1682, 89492, 1721, 96829, 109374, 64957]"
63,86.67,"[27904, 1, 1282, 108932, 6539, 527, 912, 913, 86290, 111759, 110102, 3481, 2329, 85414, 3751, 5418, 31658, 1198, 47, 1201, 50, 1202, 81845, 51255, 953, 32587, 588, 6350, 92494, 53972, 68954, 5218, 6502, 69481, 1262, 367, 71535, 1270, 92535]","[54272, 2692, 2542, 3535, 5010, 95858]"
64,75.9,"[1, 4993, 6659, 6, 42632, 4235, 6539, 908, 2959, 16, 1682, 2324, 919, 2329, 3481, 3994, 1947, 3996, 2080, 4002, 3114, 8874, 6188, 3499, 8622, 1967, 2355, 1204, 6711, 1207, 1208, 8376, 1345, 1092, 5445, 1094, 5956, 1096, 587, 588, 589, 3147, 1228, 32587, 8917, 858, 2140, 2908, 2657, 357, 231, 1641, 364, 111, 1263, 5617, 7153, 4980, 8950, 7160, 7162, 2683, 253]","[2692, 31878, 1673, 8464, 33683, 4246, 4380, 1961, 2871, 1348, 6214, 2124, 3148, 1358, 3421, 1250, 365, 46578, 4979, 5502]"
65,100.0,"[109487, 527, 36529, 91542, 97752, 33660, 1246, 318, 44191]",[]
66,77.33,"[3072, 1, 3074, 4993, 1284, 5, 903, 2312, 2956, 6287, 1275, 18, 4886, 3098, 7069, 541, 799, 805, 1704, 1449, 8874, 5548, 1197, 1200, 1201, 1968, 6832, 7090, 1080, 7482, 4027, 6333, 7493, 3271, 1224, 3911, 4306, 1748, 1240, 1242, 6874, 1500, 8798, 7647, 2401, 3809, 2019, 2020, 4322, 2918, 1769, 6377, 2288, 5617, 1266, 3444, 2683, 1407]","[224, 6786, 5574, 2951, 7048, 2700, 208, 529, 1073, 8784, 4465, 1079, 535, 2648, 282, 3262, 5023]"
67,77.78,"[293, 296, 2571, 2959, 27193, 68157, 8605]","[2858, 318]"
68,74.53,"[6, 10, 6155, 81932, 55830, 2081, 67618, 3623, 51255, 6711, 68157, 590, 8784, 116823, 26712, 56949, 97913, 44665, 69757, 4226, 95875, 4239, 89745, 4246, 44709, 60069, 7346, 3253, 50872, 1722, 7360, 5313, 6863, 208, 4816, 5349, 53996, 1777, 54001, 1278, 260, 266, 1291, 4886, 117529, 79132, 72489, 5418, 168252, 5952, 96079, 79702, 47970, 119145, 3948, 78703, 2423, 47999, 46976, 69524, 89492, 920, 2478, 2491, 8636, 56251, 8641, 72641, 51662, 27611, 3552, 62434, 2028, 62956, 54259, 26614, 81910, 3578, 35836]","[520, 11, 527, 912, 69784, 4890, 6939, 3101, 44199, 1704, 2858, 3254, 67255, 83134, 7361, 3911, 2763, 72011, 3916, 39381, 2006, 858, 2791, 88810, 5995, 34542, 1393]"
69,100.0,"[260, 296, 1193, 2476, 1101, 4880, 3793, 50, 3827, 1721, 3994, 924, 1917]",[]
70,88.89,"[36, 1959, 1288, 1097, 1193, 1962, 3468, 1293, 55820, 63082, 1968, 1172, 150, 246, 1272, 69757]","[3730, 3543]"
71,83.33,"[801, 802, 788, 86, 62]",[1]
72,66.67,"[32, 457, 2634, 589, 527, 47, 50, 1210]","[1216, 2858, 4973, 1198]"
73,88.89,"[1, 68358, 112138, 6539, 60684, 89745, 89492, 52245, 6936, 924, 44193, 78499, 45221, 1193, 112556, 102445, 59315, 51255, 45499, 134853, 3793, 102481, 51540, 112852, 6874, 68954, 68319, 134368, 127202, 103141, 91500, 59258]","[79592, 3969, 3671, 80463]"
74,77.78,"[6016, 6787, 48516, 8838, 903, 4103, 41863, 48394, 3083, 47629, 8207, 3089, 2076, 55069, 1193, 2300, 1206, 1208, 5304, 58, 57147, 6852, 55118, 56782, 858, 6235, 5341, 1251, 1252, 6244, 8804, 52967, 111, 2160, 39292]","[194, 6791, 3019, 3949, 39183, 1263, 58103, 5434, 923, 3996]"
75,83.33,"[8961, 2467, 260, 8360, 7153, 1240, 3034, 1214, 541, 2078]","[168, 1234]"
76,100.0,"[288, 72129, 260, 2502, 296, 2762, 2571, 33004, 31410, 33493, 1206, 1213, 1208, 74458, 68157]",[]
77,83.33,"[5952, 260, 6539, 1196, 5816]",[1198]
78,100.0,"[1, 296, 1198, 8528, 150, 1270, 1240, 3868, 3869]",[]
79,83.33,"[3425, 164, 1189, 6, 1127, 1191, 1220, 1221, 1222, 2571, 2692, 2916, 1912, 246, 3576]","[3266, 1954, 1610]"
80,95.74,"[34048, 4226, 33794, 48516, 53000, 103688, 48394, 2571, 5388, 7438, 2959, 34319, 7445, 150, 1302, 96917, 32, 90405, 72998, 4776, 8361, 6059, 50, 6323, 59315, 96691, 81591, 58559, 80831, 1221, 96079, 103249, 74458, 6365, 51935, 5349, 59369, 1258, 91500, 71535, 4720, 82041, 47610, 52604, 89470]","[2763, 5103]"
81,100.0,"[32, 329, 316]",[]
82,91.67,"[4993, 1923, 2700, 780, 1036, 2701, 5900, 145, 6156, 6687, 163, 6564, 1573, 1580, 4015, 6595, 733, 110, 4084, 2683, 4989, 6014]","[4018, 5218]"
83,73.33,"[1282, 4226, 356, 27397, 72998, 1258, 110, 40629, 4310, 79132, 1246]","[7669, 68954, 4973, 318]"
84,80.39,"[1280, 898, 1028, 6, 647, 265, 266, 11, 1035, 14, 919, 1304, 920, 922, 1307, 412, 1186, 1189, 52, 55, 1210, 955, 62, 195, 324, 1219, 838, 334, 1104, 214, 342, 1246, 223, 608, 1258, 508, 381, 500, 628, 1276, 509]","[1217, 1247, 1288, 1193, 1101, 1103, 272, 377, 858, 1343]"
85,88.89,"[1730, 515, 1446, 1449, 1357, 1747, 53, 1719]",[314]
86,87.5,"[1, 4993, 4963, 260, 165, 7361, 33794, 1097, 2762, 5418, 1196, 2805, 95510, 1210]","[2858, 33679]"
87,50.0,"[531, 262, 671]","[5618, 5971, 4973]"
88,86.67,"[5952, 5989, 5418, 3275, 2542, 16, 50, 46578, 3476, 8950, 79132, 68157, 44191]","[74795, 223]"
89,77.33,"[898, 164226, 78469, 34312, 6156, 140561, 91666, 182293, 182297, 5529, 46105, 25887, 136355, 33830, 136359, 111146, 104875, 78637, 85295, 67888, 44851, 8372, 50999, 50872, 68793, 136503, 132800, 153408, 33090, 105540, 26183, 181065, 129354, 73042, 147410, 130518, 91355, 51167, 96608, 95843, 141928, 44777, 133867, 3948, 120813, 750, 118894, 126577, 119155, 72692, 5621, 124404, 133879, 156025, 91386, 146684, 72701, 66943]","[84512, 164707, 113252, 96935, 126088, 141513, 146986, 104, 4300, 164200, 84944, 116817, 105746, 130452, 3991, 150554, 78620]"
90,100.0,"[260, 7, 14, 17, 562, 818, 116, 1137, 984, 1144, 892, 1183]",[]
91,84.72,"[1408, 1, 4993, 2944, 1527, 6, 648, 3081, 1036, 7438, 3471, 16, 3727, 4626, 5903, 1148, 6807, 3996, 3868, 163, 4645, 1193, 1321, 172, 1196, 5165, 8501, 1974, 1337, 2174, 1213, 1214, 1215, 5952, 7360, 1347, 2628, 457, 1610, 3018, 3917, 464, 7387, 480, 1249, 610, 4448, 2916, 3300, 3429, 5349, 6242, 1258, 8426, 1261, 111, 2160, 2288, 3703, 3708, 3070]","[1954, 6755, 2692, 8581, 6820, 2700, 1967, 912, 2871, 923, 606]"
92,66.67,"[107, 837, 51662, 1015]","[3168, 35836]"
93,100.0,"[2, 258, 10, 15, 1552, 1784, 1049, 1562, 168, 1580, 173, 558, 2105, 1097, 588, 590, 849, 2396, 357, 362, 367, 2161, 1779, 2167, 2424, 1917, 2431]",[]
94,100.0,"[32, 2, 34, 329, 457, 364]",[]
95,85.71,"[6016, 2692, 2571, 6796, 5015, 1175, 25, 541, 29, 4126, 32, 3361, 4262, 1196, 1584, 8633, 8636, 5952, 5956, 5445, 8644, 1228, 589, 6863, 2640, 1617, 1240, 3033, 5464, 6873, 608, 2021, 2023, 2028, 1653, 3071]","[5027, 1094, 5418, 4235, 4979, 1247]"
96,72.22,"[480, 1, 454, 1097, 3418, 1198, 1617, 50, 2289, 2353, 2294, 3256, 3578]","[34, 1188, 1610, 1387, 434]"
97,88.89,"[4386, 3717, 3623, 4367, 3793, 4306, 377, 858]",[593]
98,85.71,"[122912, 1, 1219, 5444, 55267, 356, 177765, 1704, 187593, 53993, 1258, 593, 5618, 187541, 81847, 56152, 81564, 116797]","[117176, 4995, 81845]"
99,100.0,"[416, 225, 292, 293, 231, 10, 555, 236, 22, 23, 282, 380]",[]
100,87.88,"[899, 1028, 261, 648, 1290, 11, 1035, 1678, 16, 17, 1680, 537, 3098, 539, 1307, 934, 6183, 3244, 3259, 4161, 838, 4308, 2262, 6377, 234, 237, 1777, 2291, 508]","[1278, 2329, 6059, 4246]"
101,83.33,"[3203, 2599, 2600, 233, 2762, 2858, 3219, 2580, 3285, 2908]","[1093, 223]"
102,83.33,"[454, 457, 47, 474, 223]",[3]
103,73.33,"[6016, 1, 2, 1025, 1028, 5, 4226, 4993, 33794, 34437, 53125, 61323, 1293, 2959, 2194, 89492, 661, 1688, 410, 1179, 79132, 1704, 6440, 99114, 140715, 6957, 89774, 1968, 2231, 73017, 4027, 1089, 7361, 5956, 2501, 1994, 1228, 1230, 3535, 55247, 596, 3668, 60756, 3034, 1244, 608, 37729, 2411, 2028, 4973, 111, 7153, 2291, 105844, 2423]","[1291, 5010, 148626, 1693, 1193, 4019, 2997, 50872, 1348, 337, 96728, 62553, 3552, 134881, 356, 104, 110, 79091, 1012, 89470]"
104,89.74,"[8961, 5380, 2572, 47629, 914, 2581, 89753, 539, 1566, 31, 1569, 39, 56367, 8368, 5299, 6579, 81847, 588, 594, 4306, 4308, 8533, 3034, 6367, 1380, 3175, 105, 6377, 56171, 60397, 1136, 46578, 2424, 5500, 1022]","[89904, 3060, 47997, 4447]"
105,70.24,"[5120, 111622, 6, 3592, 102407, 91658, 36363, 81932, 16, 150548, 134170, 172577, 172583, 134184, 3629, 47, 112183, 163386, 116797, 53322, 101962, 74324, 163925, 92259, 86628, 50794, 134252, 146028, 49272, 105593, 69757, 49278, 3198, 70286, 7317, 143511, 27803, 116897, 4262, 4776, 8360, 4270, 36529, 4788, 67255, 84152, 116411, 1214, 53953, 1219, 1221, 2762, 3275, 6350, 4306, 69844, 151769, 6874, 6365, 1247, 101088, 26340, 26347, 750, 79091, 4865, 140038, 53519, 6934, 2329, 79132, 173351, 173355, 2351, 306, 307, 308, 73017, 163645, 5952, 5956, 175431, 32587, 86347, 175435, 5971, 83803, 56174, 1407, 147330, 112006, 45447, 107408, 107410, 107412, 5014, 91542, 922, 130970, 130976, 5026, 1446, 104879, 56757, 178613, 45499, 45517, 104913, 97752, 64993, 79333, 86504, 140265, 65514, 129514, 5617, 5618, 141810]","[97921, 62849, 8197, 8957, 778, 8970, 95377, 120466, 915, 97304, 73881, 34072, 2843, 923, 120478, 7327, 6942, 26237, 95654, 3623, 27815, 1193, 2858, 1198, 5679, 1199, 120625, 7347, 6333, 31685, 145994, 714, 32460, 1354, 3916, 56782, 2131, 3285, 63062, 173535, 8033, 171749, 63082, 1258, 1259, 3949, 95858, 27773, 8958, 3967]"
106,77.78,"[53125, 2571, 97938, 2617, 45722, 88125, 318]","[47099, 99636]"
107,100.0,"[160, 1, 2, 161, 5, 590, 432, 150, 380]",[]
108,68.75,"[4992, 6049, 5380, 5349, 1097, 3978, 4975, 4976, 5391, 82, 2585]","[3795, 1204, 1079, 25, 156]"
109,100.0,"[288, 553, 11, 555, 14, 175, 16, 592, 249]",[]
110,88.89,"[1222, 296, 3949, 3629, 111, 47, 4881, 1276]",[1208]
111,88.46,"[122882, 157699, 93443, 4995, 49286, 59143, 128520, 45447, 6155, 48780, 168846, 16, 145, 128914, 91542, 122904, 104218, 85022, 106782, 170399, 155812, 100390, 122918, 162344, 180265, 3882, 99114, 6188, 113453, 161580, 74154, 81834, 140715, 91323, 166461, 58559, 65088, 1856, 8641, 837, 176329, 3275, 2124, 81229, 115149, 719, 112852, 142422, 130520, 166492, 104925, 144606, 100194, 179427, 4963, 3301, 44004, 8807, 1895, 72167, 167018, 161131, 157296, 6003, 49396, 170357, 58998, 63479, 4989]","[64839, 39, 2858, 2701, 8528, 40819, 71668, 1020, 2718]"
112,84.62,"[5952, 4993, 260, 6, 109487, 16, 7153, 19, 1270, 1210, 253]","[288, 1198]"
113,100.0,"[260, 2184, 1944, 2331, 1564, 4126, 3359, 1183, 1569, 1955, 932, 933, 1193, 2475, 943, 3251, 838, 1357, 1230, 3668, 597, 858, 3675, 222, 3551, 3296, 111, 4083, 1912]",[]
114,75.0,"[4896, 2291, 141718]",[3147]
115,83.33,"[2321, 21, 2841, 32, 553, 3753, 1580, 1200, 1208, 196, 3273, 3785, 588, 1617, 3793, 2273, 2148, 3301, 487, 2804]","[3264, 1610, 2867, 1222]"
116,58.33,"[161, 1380, 2406, 1387, 2605, 339, 597]","[160, 736, 2724, 590, 1339]"
117,88.89,"[224, 480, 7, 296, 745, 586, 11, 300, 141, 491, 588, 719, 497, 783, 21, 318]","[587, 150]"
118,83.33,"[296, 1961, 590, 527, 1810]",[1625]
119,88.89,"[69122, 4995, 48516, 131714, 48774, 157699, 59784, 91529, 10, 6539, 70286, 4369, 5010, 148626, 101142, 106782, 293, 60069, 106918, 88744, 112552, 170, 99114, 1580, 81845, 1092, 134853, 5064, 3147, 3275, 32587, 81229, 33615, 80463, 102481, 68954, 89087, 4344, 112868, 114662, 59369, 6378, 119145, 135532, 49272, 106491, 3452, 117887]","[31685, 6377, 4367, 1270, 142488, 117533]"
120,100.0,"[608, 260, 5]",[]
121,100.0,"[288, 1, 6, 296, 11, 780, 237]",[]
122,84.52,"[78209, 2, 69122, 260, 34437, 48774, 4873, 4874, 27660, 48780, 68237, 60684, 93840, 39183, 1682, 107406, 4886, 101142, 117529, 134170, 2076, 106782, 32, 288, 292, 60069, 59387, 106920, 3114, 555, 99114, 3499, 47, 4148, 1080, 1208, 27706, 1210, 4027, 1213, 116799, 1729, 1732, 93510, 2761, 86347, 3020, 589, 3535, 592, 144976, 55247, 54995, 77561, 94677, 3671, 68954, 7387, 76251, 2012, 5989, 55269, 101864, 86377, 119145, 7022, 2160, 1270, 49272, 139385, 1275]","[2692, 5673, 41997, 7373, 4016, 3089, 1073, 5810, 1265, 8917, 2710, 86833, 923]"
123,100.0,"[143458, 68157, 260, 44199, 296, 4776, 68554, 47, 89745, 115569, 116797, 4886, 91542, 69306, 96829]",[]
124,83.33,"[1, 4226, 1092, 5608, 1961, 1196, 50, 2329, 1210, 2683]","[4995, 175]"
125,84.72,"[2, 4995, 53125, 42632, 111113, 3083, 4878, 2959, 27022, 2321, 70286, 93840, 100882, 152081, 60950, 152083, 152091, 115617, 110882, 44195, 116897, 142222, 72998, 60072, 555, 103341, 161582, 161966, 9010, 159415, 168250, 76093, 87869, 1215, 96829, 88129, 1221, 93510, 168266, 589, 208, 593, 75985, 2387, 60756, 7254, 142422, 1240, 97752, 68954, 7008, 115680, 127202, 128360, 3052, 52973, 7022, 67695, 171763, 101112, 110330]","[86721, 128620, 54190, 44974, 110, 97938, 4979, 1844, 92694, 26680, 142456]"
126,100.0,"[110, 47, 367, 150, 377, 380]",[]
127,25.0,[913],"[910, 55276, 1276]"
128,100.0,"[260, 935, 1196, 1198, 110, 1136, 593, 923, 926]",[]
129,93.33,"[4993, 45186, 33166, 7438, 5010, 44191, 3745, 2858, 31658, 1196, 1197, 2105, 6333, 2890, 6218, 32587, 6093, 1101, 208, 3793, 41566, 4963, 2916, 7143, 110, 7153, 3698, 1907]","[2028, 239]"
130,100.0,"[110, 339, 150, 344, 153, 318]",[]
131,88.89,"[1089, 4226, 908, 47, 111, 1617, 50, 858]",[2871]
132,90.48,"[899, 261, 8969, 8973, 2959, 4246, 30749, 2858, 47, 50, 6711, 1464, 1729, 6863, 595, 4308, 6874, 2657, 364]","[1968, 4641]"
133,100.0,"[32, 318, 47]",[]
134,100.0,"[454, 110, 47, 153, 442, 509]",[]
135,77.78,"[1923, 1674, 1291, 2571, 1036, 1422, 527, 785, 1429, 3740, 671, 32, 293, 551, 296, 1449, 4776, 2987, 47, 1200, 1967, 1203, 1077, 1206, 3253, 3005, 3263, 2115, 2502, 2763, 2124, 4571, 4066, 485, 742, 1639, 2791, 2792, 1653, 2167, 3704, 3708]","[1, 1954, 292, 2409, 1259, 1073, 3250, 1265, 2997, 4022, 4634, 3996]"
136,100.0,"[256, 161, 165, 168, 10, 491, 15, 16, 339, 340, 468, 471, 253, 252, 349]",[]
137,81.48,"[1, 6787, 903, 2571, 2064, 1299, 1301, 923, 924, 3741, 3742, 1200, 1203, 1230, 1231, 1233, 858, 6377, 750, 110, 111, 6650]","[1293, 1198, 951, 2330, 3679]"
138,60.0,"[59784, 849, 59103]","[616, 222]"
139,100.0,"[260, 122886, 3753, 1198, 98809, 106489]",[]
140,85.06,"[1408, 3074, 43396, 3717, 6, 647, 4874, 11, 33166, 4880, 1682, 3735, 151, 3098, 3230, 3998, 161, 1441, 7076, 165, 1704, 5418, 3372, 27821, 4014, 3255, 4535, 1465, 1015, 4161, 1090, 2497, 5060, 2501, 1097, 2764, 1101, 2000, 599, 5464, 858, 474, 2268, 349, 608, 1250, 866, 2019, 3685, 2278, 5479, 6377, 6378, 42730, 362, 2797, 1262, 7018, 2542, 4337, 1266, 4339, 6386, 7027, 5103, 30707, 3448, 4857, 500, 3451, 1013, 1017, 3198, 4223]","[480, 356, 44709, 2822, 5064, 1961, 912, 2194, 4018, 21, 1721, 4187, 3101]"
141,90.0,"[1, 4993, 3489, 260, 78499, 8641, 1732, 296, 5445, 8874, 134853, 1968, 8529, 69844, 1653, 3255, 139385, 68954]","[3361, 4963]"
142,100.0,"[34, 356, 36, 364, 588, 590, 47, 527, 344]",[]
143,100.0,"[2144, 6593, 356, 103141, 103335, 6377, 47122, 101142, 1721, 68954, 6619, 59421]",[]
144,88.89,"[32, 2081, 4226, 2115, 356, 357, 1028, 6953, 778, 4014, 47, 337, 7153, 2329, 7034, 3996]","[17, 1035]"
145,100.0,"[1, 50, 111]",[]
146,33.33,[32],"[2085, 830]"
147,25.0,[5],"[225, 163, 2699]"
148,100.0,"[4896, 98243, 108932, 356, 60069, 54001, 4308, 68954, 98491]",[]
149,100.0,"[32, 260, 1253, 1240, 316, 1214]",[]
150,100.0,"[32, 805, 6, 1356, 25]",[]
151,100.0,"[736, 1, 1409, 837, 743, 840, 9, 813, 719, 1429, 1432, 62]",[]
152,46.67,"[6016, 88129, 64716, 47, 111, 2959, 50]","[64839, 904, 1193, 2858, 908, 64620, 89492, 96829]"
153,83.33,"[7265, 112290, 5992, 7147, 56715, 140174, 56367, 158966, 1271, 1246]","[88810, 1682]"
154,100.0,"[115617, 356, 114662, 1704, 1097, 81834, 119145, 89745, 79132]",[]
155,88.89,"[3555, 260, 2628, 2502, 432, 2355, 3578, 3615]",[333]
156,74.24,"[1284, 1288, 6666, 1035, 3341, 913, 1172, 21, 919, 3096, 2202, 3099, 4378, 922, 1179, 6684, 541, 2599, 1965, 1966, 3506, 3507, 4914, 1596, 1213, 1217, 1219, 969, 2511, 848, 593, 1617, 1238, 858, 1244, 1247, 866, 3556, 2917, 2406, 999, 5991, 1641, 7396, 235, 4973, 2289, 1276, 2941]","[8128, 1, 223, 1193, 1961, 6218, 3418, 5902, 3408, 17, 562, 2997, 7285, 6711, 154, 3134, 2239]"
157,100.0,"[785, 1270, 527]",[]
158,100.0,"[2490, 2428, 327]",[]
159,84.62,"[1, 72641, 7143, 1704, 8360, 2858, 3114, 166643, 8533, 69757, 318]","[150, 72998]"
160,79.17,"[1, 2, 1411, 260, 1028, 3593, 778, 3858, 150, 2455, 2840, 3868, 541, 2078, 32, 1059, 551, 1213, 1090, 1221, 198, 839, 1222, 1994, 3147, 589, 4306, 2387, 1748, 4055, 3160, 2023, 5992, 748, 2028, 1391, 3578, 2427]","[3616, 1734, 3910, 2791, 5991, 2858, 3083, 4246, 1339, 6591]"
161,88.89,"[1, 1289, 7247, 48, 38038, 2135, 2617, 252]",[47610]
162,100.0,"[515, 261, 266, 527, 16, 17, 272, 509, 31]",[]
163,100.0,"[1608, 1625, 1588]",[]
164,100.0,"[480, 3527, 1210, 589, 110, 1200, 1201, 3639, 3578]",[]
165,72.73,"[5377, 5218, 5991, 5418, 1291, 6188, 110, 368]","[249, 2019, 1198]"
166,90.48,"[1, 4226, 51080, 10, 2571, 7438, 527, 17, 2329, 8360, 1193, 3114, 5418, 1580, 6711, 45499, 4027, 8636, 1089, 46530, 5445, 1097, 1225, 3147, 32587, 51662, 31696, 1617, 4306, 3160, 5464, 6874, 1500, 1245, 51935, 353, 356, 6502]","[46578, 2353, 1234, 33166]"
167,95.83,"[33794, 778, 1291, 38038, 150, 5146, 4011, 4016, 1073, 180, 2502, 6857, 3793, 5218, 5349, 34405, 2791, 104, 7147, 1136, 7153, 1527, 1278]",[2413]
168,88.89,"[903, 908, 55820, 3730, 1172, 7333, 296, 1193, 1201, 8128, 1221, 1222, 57669, 1225, 2890, 3543, 858, 2657, 3681, 48738, 111, 1269, 1276, 7934]","[265, 2858, 1302]"
169,68.12,"[1, 2, 3, 899, 1282, 1288, 3594, 6539, 914, 5014, 5151, 4896, 1569, 4639, 2724, 5415, 6568, 1962, 3755, 6188, 1073, 4018, 5941, 4022, 440, 4025, 5816, 1083, 5444, 2501, 4936, 6218, 588, 594, 595, 852, 3159, 2012, 2791, 7147, 364, 1517, 5103, 5873, 7153, 1270, 1663]","[6155, 1042, 4373, 150, 5400, 4890, 6565, 3247, 185, 8641, 2502, 2762, 8783, 8529, 4310, 3160, 2394, 2011, 3552, 7143, 104, 377]"
170,100.0,"[34, 356, 110, 48, 500, 377]",[]
171,87.5,"[1, 260, 1291, 25, 29, 541, 1198, 176, 1201, 1080, 1208, 828, 1089, 707, 714, 720, 858, 485, 235, 500, 1276]","[1304, 861, 1079]"
172,83.33,"[3087, 593, 2770, 277, 3578]",[527]
173,100.0,"[17, 141, 150]",[]
174,90.91,"[480, 34, 39, 520, 648, 11, 333, 337, 344, 539]",[736]
175,83.33,"[3594, 3791, 56949, 47382, 45880]",[2300]
176,100.0,"[329, 10, 553, 589, 110, 47, 368, 590, 349]",[]
177,79.44,"[1, 1028, 1029, 81932, 77846, 2080, 2085, 2087, 47, 56367, 66097, 116797, 588, 88140, 593, 594, 116823, 4700, 88163, 107141, 97938, 78499, 8360, 1193, 60074, 25771, 1197, 1203, 40629, 67267, 2248, 6870, 3801, 1252, 1256, 6378, 79091, 2300, 3844, 8970, 56587, 8972, 4886, 7451, 6942, 71970, 2858, 5444, 837, 41285, 93006, 339, 88405, 344, 858, 3418, 4447, 2918, 98154, 3948, 71535, 40819, 66934, 3451, 46972, 898, 1411, 53125, 59784, 91529, 910, 911, 912, 1936, 2959, 91542, 928, 932, 946, 81845, 81847, 72641, 110553, 61406, 50685]","[97921, 2312, 6155, 1036, 1931, 8464, 45950, 1938, 108190, 39, 1333, 50872, 318, 5445, 56775, 3408, 1247, 6887, 6377, 46578, 5502, 1407]"
178,77.78,"[608, 7361, 357, 6502, 4967, 10, 2571, 4235, 4734, 7153, 2231, 2329, 349, 25]","[1, 1193, 356, 1198]"
179,100.0,"[480, 1, 161, 3, 1061, 780, 141, 494, 18, 786, 500, 150, 317, 349, 318]",[]
180,80.0,"[3552, 4993, 1196, 260]",[1136]
181,100.0,"[480, 257, 34, 490, 11, 339, 277, 539, 61]",[]
182,77.55,"[1, 6, 3078, 2058, 2067, 36, 41, 47, 4681, 590, 3150, 1104, 8784, 3158, 600, 3160, 7264, 1645, 1136, 2672, 1148, 4226, 4235, 1676, 6285, 3742, 5791, 6305, 3747, 5810, 8370, 1204, 1206, 1207, 2232, 6335, 194, 198, 3271, 1224, 1225, 2248, 1227, 2762, 3272, 3275, 1748, 215, 1754, 1252, 1253, 2294, 760, 1274, 4349, 4350, 1279, 1281, 4361, 778, 4874, 4878, 4881, 2336, 307, 3897, 6969, 6971, 318, 3910, 3911, 3409, 2387, 1365, 2391, 858, 3418, 3429, 5991, 5992, 5995, 7022, 4978, 1921, 2947, 2948, 2949, 4995, 8581, 3977, 3984, 1941, 919, 3992, 412, 924, 1952, 431, 2991, 2993, 2997, 441, 4029, 4037, 1480, 6620, 2529, 2541, 2542, 5107, 6645, 3062, 1527, 3070]","[4225, 7299, 1542, 1673, 5131, 5772, 14, 6679, 3740, 4641, 4642, 2730, 306, 4032, 3521, 5574, 5577, 2763, 971, 3535, 593, 7265, 1377, 1251, 3556, 2022, 1391, 4979, 5110, 1784, 5498, 2683, 2686]"
183,100.0,"[1408, 2947, 1210, 1387, 110, 1200, 1201, 2993, 3062, 377, 1370, 380]",[]
184,100.0,"[74754, 171011, 4226, 178827, 180497, 2579, 162968, 170907, 79132, 106782, 122918, 112552, 122920, 122922, 105653, 157369, 168250, 159817, 180297, 80463, 112852, 5995, 102125, 114935]",[]
185,77.78,"[1, 4226, 2081, 2085, 364, 4308, 2396]","[4878, 223]"
186,93.33,"[1, 2, 899, 1921, 898, 902, 2054, 1544, 2819, 10, 2186, 3471, 2064, 3988, 1301, 4121, 2078, 1320, 1073, 950, 1334, 952, 953, 1210, 2617, 4027, 4795, 1214, 2366, 5181, 2369, 2628, 4813, 592, 593, 594, 3409, 1876, 1240, 3675, 2140, 5214, 2916, 5349, 2406, 1127, 2797, 1391, 1136, 2161, 3697, 1909, 1527, 377, 379, 380]","[3408, 4713, 2541, 3711]"
187,85.71,"[1921, 8961, 31364, 27397, 27660, 49932, 16, 2064, 1148, 2076, 29, 4640, 4641, 290, 296, 6440, 2858, 3627, 7976, 47, 1464, 1209, 1466, 1210, 7099, 39292, 1214, 319, 5570, 27592, 8012, 1617, 30810, 6368, 3681, 741, 6502, 37733, 5608, 37741, 750, 1136, 4720, 7153, 7156, 8950, 2810, 5244]","[1120, 3910, 745, 2700, 7981, 31410, 8949, 49272]"
188,85.71,"[1537, 2436, 356, 2565, 7, 5060, 3469, 594, 1747, 918, 919, 926]","[1304, 2359]"
189,83.33,"[5952, 48516, 356, 527, 7153]",[318]
190,100.0,"[4896, 8961, 6016, 4995, 4973, 527, 8464, 6708, 8950, 6711, 858, 318]",[]
191,100.0,"[1, 162, 417, 6, 230, 235, 299, 300, 16, 496, 50, 306, 52, 246, 151, 58, 155, 348]",[]
192,100.0,"[160, 356, 10, 432, 150, 380]",[]
193,85.71,"[260, 296, 4878, 527, 5618, 97938]",[1207]
194,66.67,"[1090, 1035]",[1288]
195,84.85,"[260, 6, 648, 778, 1805, 16, 4246, 2841, 1958, 296, 2858, 3897, 1210, 4034, 3911, 1358, 3793, 2387, 2391, 1120, 866, 4067, 3174, 235, 1392, 3186, 2423, 1912]","[3203, 10, 1196, 2797, 1302]"
196,66.67,"[44665, 6378, 364, 150]","[47099, 62]"
197,85.71,"[1377, 293, 296, 1240, 1755, 318]",[3072]
198,94.74,"[4226, 2571, 4235, 913, 2065, 4370, 920, 24, 25, 923, 3868, 1307, 3100, 32, 2594, 2600, 3246, 1206, 3894, 185, 1210, 5570, 198, 3147, 1617, 1619, 215, 356, 357, 2023, 5607, 364, 1645, 2028, 1274, 1277]","[3746, 1198]"
199,72.55,"[5377, 4226, 6, 55820, 41997, 912, 1276, 21, 1178, 1179, 30749, 2336, 6565, 5292, 3117, 3129, 1213, 318, 1214, 1217, 1358, 6870, 3160, 858, 2908, 1374, 1889, 2918, 1641, 1136, 2289, 1267, 30707, 1272, 2683, 2300, 4223]","[2912, 417, 2692, 55269, 5418, 11, 910, 56782, 2671, 6867, 440, 4378, 1339, 1693]"
200,83.87,"[3717, 31878, 10, 3082, 61323, 913, 6934, 6942, 6944, 1569, 39, 1580, 4014, 4015, 8368, 56367, 4018, 5299, 2485, 3638, 51255, 56757, 1210, 3004, 1213, 6333, 708, 1220, 2501, 31685, 63433, 32587, 4816, 3793, 339, 2006, 344, 8665, 44761, 2011, 2012, 4571, 6365, 3176, 5225, 2797, 5103, 40815, 2805, 56949, 44665, 1020]","[2724, 5, 2502, 6373, 8784, 50872, 49530, 1500, 318, 4447]"
201,88.89,"[1, 260, 1291, 11, 16, 2321, 2706, 2324, 1307, 2716, 1196, 2094, 2100, 1721, 2115, 2762, 589, 593, 339, 1876, 597, 1378, 1127, 1909]","[296, 1197, 2302]"
202,87.36,"[1280, 1, 2, 1283, 2819, 2949, 6, 2951, 1674, 2571, 1291, 2959, 529, 1682, 150, 1307, 1183, 3104, 3105, 1184, 161, 3108, 1958, 1580, 3633, 3635, 2100, 3763, 1204, 1206, 1208, 2105, 308, 953, 3260, 318, 3006, 2628, 3269, 3271, 1226, 3402, 1358, 1231, 2640, 3793, 1234, 595, 596, 3029, 858, 1370, 3418, 1500, 3036, 608, 1125, 2278, 1127, 2406, 2407, 999, 1131, 508, 110, 750, 2288, 1265, 1266, 1267, 2289, 2802, 2414, 507, 3836, 1663]","[3552, 1537, 1188, 1959, 1961, 2858, 971, 3470, 2064, 306, 852]"
203,77.78,"[4993, 296, 88744, 110, 56174, 4306, 318]","[70286, 4886]"
204,90.0,"[88129, 33794, 3266, 293, 1222, 296, 91658, 32587, 5995, 62956, 47, 33615, 58803, 59604, 1206, 6807, 1208, 6104]","[3949, 3751]"
205,66.67,"[77561, 81834, 260, 81845]","[3033, 356]"
206,100.0,"[608, 1, 7, 14, 783, 661]",[]
207,66.67,"[1321, 2021]",[1347]
208,100.0,"[2916, 2628, 2762, 589, 110, 1210]",[]
209,77.78,"[2959, 593, 3578, 74458, 68954, 68157, 318]","[4011, 356]"
210,97.22,"[5378, 7811, 260, 7810, 68358, 100611, 48780, 130444, 62999, 81564, 2716, 79139, 84772, 1196, 122926, 147376, 147378, 147380, 179511, 50872, 5944, 5816, 116797, 180031, 98243, 2628, 117192, 128842, 589, 7649, 113378, 179819, 102125, 62836, 49278]",[3147]
211,89.47,"[3034, 78499, 260, 57669, 296, 32587, 1196, 8665, 2959, 7153, 50, 55765, 95510, 73017, 1210, 79132, 58559]","[2858, 1198]"
212,80.56,"[166528, 1291, 93838, 106002, 924, 2078, 122916, 26662, 122918, 81834, 122922, 104879, 80693, 81591, 51255, 67255, 166461, 318, 68157, 180031, 179401, 589, 96079, 4306, 2005, 94959, 30707, 180985, 27773]","[64614, 48394, 4016, 4979, 51540, 163645, 109374]"
213,60.0,"[5952, 589, 3409, 1682, 1721, 3481, 1370, 69757, 58559]","[3424, 64969, 6058, 6539, 908, 858]"
215,76.19,"[5952, 260, 3448, 1704, 3210, 6155, 2542, 1297, 50, 1203, 2324, 3252, 5782, 1206, 1617, 58047]","[2686, 55820, 144, 1208, 60766]"
216,86.67,"[3972, 1028, 1032, 3977, 2186, 3210, 910, 913, 916, 3994, 2857, 2858, 2863, 3507, 955, 2239, 1230, 1617, 1238, 3543, 1244, 3298, 3300, 497, 1394, 3578]","[1304, 34, 125, 2208]"
217,96.67,"[1, 10, 909, 910, 3341, 3347, 34, 1196, 1198, 1711, 2735, 2870, 3256, 954, 2115, 2762, 1610, 2137, 1370, 474, 1371, 1373, 480, 2407, 1641, 494, 2414, 1148, 2174]",[2524]
218,66.67,"[345, 2699, 750, 471]","[5952, 2692]"
219,74.07,"[62336, 3972, 31878, 778, 780, 54286, 6548, 150, 2716, 2717, 44191, 2723, 44199, 1704, 8360, 1196, 1198, 56367, 50, 6711, 3000, 27831, 1210, 50872, 51255, 56251, 457, 1617, 56788, 3030, 3033, 858, 6874, 480, 364, 53996, 4848, 54259, 49272, 27773]","[8641, 44195, 3911, 4649, 10, 63082, 1805, 3949, 4816, 2321, 8528, 2268, 2301, 64575]"
220,83.72,"[1, 2692, 68358, 10, 1291, 2700, 8464, 57368, 45722, 3996, 2716, 32, 4896, 58025, 3114, 4011, 1196, 1197, 1198, 303, 8368, 45499, 8636, 6333, 318, 3159, 4954, 2011, 2012, 733, 349, 6365, 608, 6377, 1387, 2028]","[5218, 3147, 55820, 45517, 590, 1393, 4022]"
221,76.92,"[27776, 3328, 1284, 3334, 1287, 1288, 1927, 6538, 910, 2959, 912, 1041, 913, 7056, 32022, 1944, 1945, 6552, 29, 2973, 32, 2599, 296, 31658, 5291, 3246, 3504, 1201, 50, 1203, 2997, 1206, 953, 9018, 1466, 318, 965, 1222, 1224, 1225, 3529, 1104, 593, 31702, 348, 608, 1125, 7013, 5225, 1260, 8044, 1263, 1136, 2289, 1394, 4467, 6639, 8949, 2300, 4605]","[8128, 2692, 5669, 3911, 2248, 4361, 1449, 1259, 27820, 6987, 750, 8014, 3983, 8914, 3507, 27834, 3996, 2686]"
222,71.43,"[4993, 4995, 4963, 1221, 296, 91529, 98124, 7438, 47, 110, 1213, 97304, 2716, 68157, 8958]","[1220, 3173, 64969, 8528, 66744, 3421]"
223,88.89,"[48516, 5445, 5349, 48394, 2316, 4973, 318, 58559]",[2144]
224,100.0,"[2144, 289, 3361, 2915, 356, 39, 3496, 1259, 3436, 2797, 1265, 2100, 2804, 1270, 2108]",[]
225,93.33,"[223, 69, 2791, 104, 1641, 2248, 2633, 1196, 1197, 2001, 1079, 1753, 2011, 1407]",[2716]
226,82.67,"[4993, 33794, 2054, 45447, 1288, 1672, 10, 3210, 4489, 6796, 2959, 16, 3988, 661, 1276, 3481, 2329, 2716, 7325, 671, 32, 45728, 2082, 420, 1704, 2984, 8874, 1196, 1197, 6188, 180, 3253, 3254, 2231, 441, 7360, 2115, 3535, 8784, 4306, 1236, 54997, 6870, 216, 1240, 2268, 1246, 223, 480, 608, 5989, 4326, 54503, 5481, 2671, 46578, 4980, 3578, 2683, 35836, 7293, 1278]","[54272, 8807, 1655, 6025, 5418, 1193, 4011, 3948, 37720, 4979, 2997, 6711, 5464]"
227,83.33,"[115713, 48774, 778, 91658, 54286, 2959, 111759, 150, 97304, 30749, 32, 47, 116797, 32587, 858, 6874, 6377, 63082, 59369, 750]","[97913, 31410, 62644, 52319]"
228,100.0,"[2722, 260, 2571, 50, 3005, 318]",[]
229,91.67,"[1, 356, 10, 236, 237, 500, 21, 345, 475, 508, 349]",[265]
230,81.82,"[736, 54272, 5218, 33794, 8644, 5349, 55241, 33679, 5459]","[253, 597]"
231,100.0,"[260, 296, 2571, 1291, 589, 1270]",[]
232,78.79,"[5378, 5379, 48516, 6537, 4874, 6539, 3980, 60684, 527, 34319, 4886, 39446, 5400, 67734, 79132, 64034, 68135, 71464, 1197, 1198, 47, 7347, 6708, 59315, 1210, 68157, 79293, 5956, 8644, 1994, 3147, 3275, 589, 32587, 51662, 4816, 55765, 8665, 51931, 30812, 5989, 64614, 5991, 71530, 2028, 55276, 110, 71535, 46578, 63479, 47099, 7293]","[2, 78499, 3949, 529, 59985, 51540, 54997, 4022, 3189, 35957, 2268, 30749, 8798, 7263]"
233,78.57,"[7361, 1732, 48516, 296, 2028, 170705, 50, 1298, 4306, 177593, 318]","[7371, 3949, 4973]"
234,84.85,"[1, 1030, 648, 2571, 1036, 1690, 4519, 2088, 2089, 2090, 2985, 2987, 3114, 3624, 2373, 1359, 4306, 3672, 480, 1377, 610, 2406, 364, 1907, 3699, 377, 1275, 4351]","[42, 1784, 1073, 688, 24]"
235,100.0,"[265, 11, 235, 589, 590, 593, 21, 246, 440, 377, 380, 25]",[]
236,100.0,"[1350, 2505, 2572, 3052, 2542, 1278, 1214]",[]
237,83.33,"[32, 293, 36529, 318, 44191]",[44195]
238,100.0,"[3682, 163, 1092, 1221, 4803, 3528, 4848, 3508, 4855]",[]
239,90.0,"[2944, 1, 1527, 260, 48516, 6, 648, 2571, 6539, 48780, 7438, 2959, 4880, 54286, 1682, 2706, 7445, 4886, 5782, 3994, 288, 4896, 292, 5669, 1704, 4008, 1580, 38061, 36529, 440, 1466, 1210, 1213, 1214, 1089, 1090, 8132, 5445, 454, 8665, 2141, 8798, 608, 6502, 6378, 3052, 40815, 1136, 54001, 54259, 8950, 2167, 47610, 1917]","[457, 11, 4011, 2542, 2194, 733]"
240,100.0,"[256, 1, 2, 3, 135, 383, 780, 529, 531, 413, 542, 673, 420, 174, 185, 196, 333, 338, 344, 736, 104, 110, 253, 255]",[]
241,93.33,"[3910, 106920, 104841, 2571, 3083, 8973, 47, 50, 8981, 60950, 215, 71899, 68157, 8638]",[106696]
242,100.0,"[32, 47, 432, 111, 434, 380]",[]
243,100.0,"[193, 227, 36, 520, 10, 172, 44, 466, 442]",[]
244,85.0,"[1090, 547, 1597, 3811, 6, 1288, 457, 10, 3082, 3755, 1196, 1610, 1356, 2797, 110, 1754, 541]","[1293, 2919, 1197]"
246,84.31,"[62336, 4993, 95105, 53125, 3079, 63113, 6539, 55820, 70286, 2959, 17, 52885, 62999, 8983, 8984, 410, 28, 29, 541, 5279, 44191, 26662, 81845, 81591, 94777, 1210, 86332, 69951, 7361, 80969, 33615, 1240, 6618, 1884, 86880, 2020, 2916, 85736, 6377, 7147, 40815, 7153, 2046]","[357, 4270, 71535, 4720, 5013, 4246, 1243, 94015]"
247,92.86,"[1, 4226, 6539, 48780, 4878, 527, 152081, 79132, 115617, 78499, 1704, 1193, 81834, 47, 1073, 50, 1089, 588, 115149, 112852, 480, 6377, 2028, 7153, 54001, 3578]","[1682, 51662]"
248,100.0,"[86880, 2115, 60069, 1291, 1198, 151763, 147382, 147384, 84152]",[]
249,88.31,"[169984, 1, 2, 69122, 114180, 111113, 1036, 81932, 97304, 122906, 82459, 1566, 32, 122912, 122916, 1061, 1573, 1580, 96821, 1079, 53322, 95309, 7254, 106072, 4701, 63082, 106100, 69757, 49278, 31878, 48774, 93831, 2700, 93838, 89745, 2706, 148626, 7317, 101525, 142488, 7325, 44191, 4776, 58025, 60072, 60074, 38061, 1201, 5810, 1203, 1206, 87222, 83134, 87232, 187593, 3793, 112852, 8917, 33493, 1240, 733, 60126, 134368, 2273, 1257, 52458, 52973, 750, 1265, 42738, 171763, 8950, 58103, 8957, 105213, 253, 111362, 260, 778, 87306, 5903, 95510, 2329, 79132, 110882, 293, 72998, 99114, 73017, 5952, 57669, 95558, 93512, 168266, 32587, 79695, 103249, 107348, 79702, 117590, 119141, 6502, 69481, 161131, 91500, 1917, 4993, 91529, 107406, 99728, 6548, 89492, 3994, 3489, 1954, 4007, 103335, 118696, 103341, 107953, 8636, 3005, 8641, 72641, 457, 160718, 2000, 89047, 97752, 3034, 480, 55269, 55278, 134130, 55290, 143355]","[5218, 134853, 49286, 64614, 522, 159755, 6539, 8528, 2353, 5266, 3409, 2997, 4470, 3448, 114074, 63131, 2716, 91485]"
250,85.71,"[2085, 2407, 45, 8880, 2739, 318]",[345]
251,75.0,"[293, 1225, 1197, 47, 111, 1208]","[159817, 142115]"
252,100.0,"[1, 168418, 115617, 78499, 122886, 122922, 364, 66097, 500, 81845]",[]
253,50.0,"[4642, 1734, 4973, 26524, 29, 5791]","[608, 446, 1449, 44555, 2064, 26366]"
254,90.0,"[1, 33154, 48774, 48780, 7438, 3996, 30749, 44191, 32, 44195, 44199, 8360, 4011, 1196, 47, 1200, 5952, 1089, 4034, 5570, 7361, 457, 32587, 338, 2396, 48738, 356]","[2431, 2542, 5319]"
255,100.0,"[344, 1194, 420, 3552]",[]
256,94.87,"[4992, 122882, 4995, 3717, 68358, 2571, 48780, 111759, 18, 69524, 4246, 8984, 6942, 6947, 88744, 3753, 170, 109487, 5171, 8371, 6586, 442, 453, 3785, 8529, 2002, 4306, 53972, 121171, 126548, 68954, 2011, 4343, 92259, 91500, 44022, 106487]","[520, 163]"
257,66.67,"[420, 653]",[1288]
258,100.0,"[60069, 48774, 48394, 1197, 527, 318]",[]
259,83.33,"[32, 7149, 1584, 6711, 5945]",[153]
260,85.19,"[6016, 4226, 6027, 2572, 6288, 2580, 1175, 29, 47, 50, 3006, 1089, 4034, 1358, 342, 471, 6874, 608, 3052, 2413, 3181, 7022, 1148]","[6773, 4529, 1357, 1301]"
261,100.0,"[4963, 5989, 2028, 4878, 47, 16, 96079, 50, 1682, 81591, 1240, 79132]",[]
262,100.0,"[608, 36, 552, 594, 213, 28]",[]
263,78.57,"[1, 2690, 1923, 5507, 262, 8970, 11, 527, 2324, 3996, 4896, 1188, 1196, 1197, 5952, 7361, 2761, 1617, 1873, 8914, 2268, 30812, 224, 1639, 745, 4973, 5617, 7153, 2291, 1912, 1020, 509, 3967]","[4992, 1610, 2763, 8014, 912, 17, 500, 3897, 282]"
264,77.78,"[4896, 1250, 1356, 150, 4886, 1372, 253]","[1, 4995]"
265,79.17,"[1921, 529, 3733, 150, 1945, 923, 32, 36, 2985, 1356, 2393, 3035, 480, 2407, 3701, 1270, 1784, 379, 1276]","[2433, 969, 3730, 3060, 953]"
266,93.94,"[1285, 6, 1288, 778, 2571, 16, 2580, 21, 3108, 1573, 296, 2863, 1213, 3265, 2115, 1220, 1093, 1222, 1610, 2890, 1617, 733, 608, 353, 356, 1127, 1136, 2804, 2167, 1275, 2174]","[2560, 3060]"
267,86.67,"[3552, 1093, 3527, 1320, 1356, 110, 3471, 2706, 1653, 1175, 2683, 924, 29]","[58, 2699]"
268,83.33,"[1125, 2344, 41, 1673, 2762, 2858, 2349, 1230, 50, 1234, 1394, 1077, 2770, 1303, 29]","[1238, 1094, 2351]"
269,100.0,"[832, 1, 3, 6, 780, 783]",[]
270,100.0,"[608, 1, 736, 14, 17, 661]",[]
271,66.67,"[32, 924, 5508, 55765]","[345, 5902]"
272,100.0,"[84152, 112138, 89745, 1527, 1240, 318]",[]
273,100.0,"[32, 1, 514, 262, 236, 364, 367, 783, 500, 21, 248, 410, 509]",[]
274,85.42,"[1, 6, 10, 1036, 2060, 3608, 27674, 2076, 2606, 50, 6707, 3639, 1079, 52281, 1089, 7235, 7236, 69, 70, 589, 590, 593, 3671, 80489, 7802, 7293, 4223, 4226, 2700, 59022, 69275, 48304, 1206, 1208, 1209, 1729, 3275, 1235, 1240, 44761, 1253, 48385, 60161, 3843, 68358, 53000, 5903, 3857, 2328, 2329, 79132, 288, 3362, 293, 296, 3897, 32587, 55118, 2384, 80219, 1884, 5989, 2918, 69481, 364, 44397, 367, 380, 6016, 2947, 4995, 2959, 55721, 1967, 1461, 5047, 55765, 7646, 59369, 2028, 1527, 47610]","[3363, 53123, 31909, 7930, 1517, 4238, 33166, 26736, 43921, 6708, 6807, 5080, 26778, 2683]"
275,74.44,"[1, 5377, 4993, 903, 904, 2186, 3210, 2700, 908, 5902, 1784, 17, 21, 3481, 2330, 1307, 541, 3362, 5418, 2731, 556, 2859, 3246, 1965, 2352, 1966, 5938, 2355, 1968, 3255, 1208, 3384, 1210, 3897, 953, 954, 4034, 4291, 4037, 3910, 3911, 2890, 1228, 1230, 1358, 3408, 1617, 1234, 1747, 2518, 215, 3543, 348, 4061, 3039, 2912, 2150, 2539, 4334, 2542, 1136, 1270, 5878, 4728, 4345, 1148, 2174]","[1280, 5013, 2716, 1199, 3504, 1333, 1594, 3006, 4809, 1610, 4816, 593, 1875, 3038, 994, 1123, 5349, 357, 232, 235, 4979, 372, 1278]"
276,100.0,"[1, 2, 673, 260, 231, 7, 648, 1196, 333, 1042, 728, 1210]",[]
277,100.0,"[32, 1, 104, 1356, 880, 849]",[]
278,60.0,"[54272, 4002, 318]","[50, 203]"
279,85.19,"[33794, 260, 91529, 2571, 1036, 924, 296, 112171, 112556, 38061, 161582, 168248, 58559, 57669, 1222, 61132, 164179, 1240, 858, 2403, 80489, 1258, 110]","[8376, 79702, 2502, 112183]"
280,82.05,"[2432, 1, 45447, 7, 3210, 8341, 27, 79132, 3489, 4649, 56367, 8368, 78772, 1213, 8638, 72641, 91079, 586, 55247, 4306, 595, 5970, 4310, 1247, 91104, 5989, 41573, 6377, 63082, 91500, 40815, 63992]","[64614, 3753, 55052, 2541, 2352, 1207, 575]"
281,66.67,"[2329, 7325]",[8368]
282,84.21,"[46976, 1, 4226, 1028, 48516, 6, 4873, 4874, 54286, 4239, 16, 1298, 4886, 3481, 1307, 30749, 2717, 106782, 3362, 2471, 296, 5418, 2987, 1203, 2997, 3254, 1208, 1466, 1213, 318, 3006, 2115, 1732, 5445, 2762, 2379, 55765, 858, 1884, 30812, 2788, 5481, 6377, 2028, 134130, 4085, 139385, 47610]","[356, 2470, 6539, 52973, 2194, 34162, 6708, 919, 1784]"
283,100.0,"[69, 104, 1580, 1517, 110, 1210]",[]
284,94.44,"[2, 356, 357, 296, 457, 10, 267, 186, 173, 15, 208, 303, 592, 595, 440, 442, 348]",[590]
285,100.0,"[3296, 6787, 1219, 1252, 296, 5995, 111, 441, 1247]",[]
286,88.89,"[4226, 4901, 454, 6, 1193, 1258, 2762, 6377, 110, 47, 2959, 4848, 1333, 2997, 6874, 508]","[6539, 455]"
287,53.33,"[101, 4878, 4979, 2997, 2966, 6296, 6331, 6620]","[4973, 1136, 1527, 3033, 187, 29, 671]"
288,79.76,"[1, 48385, 3, 260, 1923, 40583, 6539, 5388, 4881, 21, 4886, 924, 3614, 3359, 1952, 4002, 3363, 3108, 60069, 296, 2985, 3114, 3499, 1198, 2991, 1584, 1201, 4016, 2739, 31923, 7090, 3638, 953, 4027, 8636, 318, 6593, 1090, 8641, 3396, 1093, 5445, 2501, 1225, 2761, 32587, 1356, 589, 590, 1614, 593, 2770, 5464, 1242, 2011, 1374, 3168, 1376, 2020, 7143, 7147, 2418, 40819, 1270, 1276, 1278, 40959]","[2496, 1953, 2947, 6565, 1094, 59369, 63082, 50872, 8879, 1199, 33166, 2099, 1587, 48696, 1017, 4890, 1247]"
289,66.67,"[235, 750]",[16]
290,77.78,"[1283, 900, 260, 903, 647, 904, 1287, 1927, 915, 1299, 2067, 918, 919, 3608, 3095, 25, 3738, 1912, 3741, 2336, 1187, 1446, 1447, 296, 1193, 1834, 1960, 1196, 2599, 3634, 955, 3260, 1089, 1090, 3271, 968, 457, 1224, 1228, 2130, 2770, 599, 2648, 3035, 608, 2660, 2788, 1254, 2791, 3559, 1258, 1259, 2160, 2936, 2937, 2940]","[1, 1957, 1094, 3849, 1961, 11, 300, 1225, 3307, 3089, 474, 2355, 1394, 2359, 954, 475]"
291,100.0,"[4896, 1, 5218, 60069, 102125, 69844, 91542, 106072, 68954]",[]
292,91.23,"[5504, 1, 62081, 260, 1544, 2571, 1552, 4886, 91542, 45722, 108190, 4896, 161, 115617, 2085, 72998, 85414, 2987, 2989, 1198, 2990, 8368, 1203, 59315, 1207, 952, 3256, 8636, 72641, 46530, 2115, 2628, 3269, 5444, 5445, 8132, 586, 96079, 112852, 858, 84954, 3421, 4830, 2533, 2028, 91500, 494, 71535, 500, 82169, 3836, 1017]","[63082, 3916, 45517, 1393, 3871]"
294,93.94,"[260, 1288, 2968, 417, 3363, 2598, 1196, 1197, 1198, 431, 1580, 2350, 2352, 435, 1587, 3385, 3387, 2628, 69, 70, 2502, 2378, 1356, 2001, 2003, 858, 1371, 3040, 3041, 866, 1663]","[2064, 733]"
295,88.89,"[6016, 1221, 1193, 7438, 50, 29, 6874, 1213]",[70]
296,85.71,"[296, 2571, 110, 2959, 4144, 50]",[169034]
297,100.0,"[608, 866, 6, 47, 50, 1047]",[]
298,85.19,"[1527, 6283, 2959, 27156, 924, 32, 47, 1210, 1214, 1089, 1732, 1748, 112852, 6874, 96610, 2916, 34405, 65642, 7153, 2931, 92535, 66297, 27773]","[16, 858, 1213, 60950]"
299,66.67,"[3624, 1258, 3717, 3578]","[1387, 1198]"
300,88.89,"[92259, 356, 527, 4848, 2959, 109487, 81591, 318]",[4973]
301,68.42,"[5989, 296, 1193, 10, 5418, 40815, 30707, 56788, 21, 5816, 1307, 3996, 349]","[1225, 4011, 33166, 17, 308, 3578]"
302,100.0,"[480, 1221, 296, 457, 14, 17, 21]",[]
303,100.0,"[5378, 1097, 2571, 1196, 589, 1580, 3793, 1394, 3703]",[]
304,85.42,"[1, 2, 1025, 1028, 7, 2567, 2571, 653, 2322, 1320, 1196, 2605, 1584, 185, 1726, 318, 707, 708, 1608, 329, 457, 586, 588, 589, 1356, 1610, 208, 81, 2393, 474, 1242, 1370, 1247, 224, 480, 1259, 1136, 1777, 1396, 1019, 1407]","[73, 1387, 2316, 1197, 1721, 314, 62]"
305,78.57,"[54272, 115713, 69122, 37380, 115210, 2571, 1036, 81932, 54286, 527, 16, 34319, 97304, 541, 4639, 32, 2605, 47, 1584, 56367, 6709, 51255, 3147, 3671, 2648, 3681, 88163, 64614, 2167, 45186, 31364, 89745, 163985, 6808, 7323, 69275, 6818, 60069, 4776, 1196, 1197, 36529, 67255, 2232, 1215, 1219, 131796, 7387, 1250, 1252, 1253, 2791, 750, 46322, 2804, 1278, 260, 92420, 778, 50442, 780, 4878, 5903, 104211, 79132, 296, 1333, 160565, 76093, 318, 109374, 5952, 163645, 67923, 92507, 56156, 69481, 110501, 106920, 2987, 1968, 59315, 8640, 4034, 8644, 965, 968, 103883, 56782, 474, 76251, 3039, 114662, 5618, 49651, 54259, 64501, 3578, 7163]","[72720, 89492, 82461, 30749, 72733, 1961, 4011, 1199, 135861, 81845, 4022, 72378, 1979, 1220, 64839, 67788, 96588, 140110, 8528, 2268, 30812, 96737, 92259, 2795, 105197, 47099, 59900]"
306,100.0,"[134368, 5957, 166534, 175303, 6377, 133419, 96588, 117590, 5784, 97913, 87869, 175199]",[]
307,75.44,"[54272, 1, 1028, 1031, 59022, 16, 52241, 26133, 3740, 45728, 1441, 296, 4776, 1967, 1968, 1201, 66097, 59315, 52281, 1213, 318, 1215, 1345, 7361, 65738, 32587, 65740, 3535, 2000, 593, 7247, 52435, 55765, 3671, 344, 2395, 4448, 55280, 5618, 54259, 628, 58998, 55290]","[27555, 2628, 47099, 8011, 2700, 54256, 46578, 19, 5427, 1366, 663, 923, 5500, 4477]"
308,88.89,"[5952, 60069, 68358, 6377, 48, 5816, 410, 58559]",[362]
309,95.65,"[1537, 527, 1682, 2324, 1942, 4886, 2202, 930, 6947, 933, 2353, 50, 1204, 953, 318, 4432, 1234, 1250, 4327, 7143, 7153, 30707]",[30812]
310,75.0,"[6051, 1223, 6410, 5899, 529, 1233, 1204, 246, 2518]","[2457, 58, 2671]"
311,33.33,[5992],"[1258, 2291]"
312,88.1,"[1921, 6, 904, 3081, 527, 16, 4754, 1175, 1178, 3994, 2716, 924, 541, 3742, 32, 2600, 2985, 5812, 1210, 1214, 1358, 2640, 1748, 4437, 471, 1371, 1372, 2140, 1253, 5478, 2028, 2160, 4720, 1909, 3703, 1272, 3070]","[1130, 912, 5463, 1212, 1278]"
313,94.44,"[2947, 5254, 3977, 10, 1036, 1676, 3994, 29, 32, 293, 1580, 1199, 1200, 5039, 5040, 1717, 2872, 1208, 3256, 1344, 1345, 1350, 968, 4553, 589, 3917, 592, 593, 3153, 2004, 2901, 1500, 223, 1249, 2275, 2020, 2021, 2533, 999, 3175, 1258, 1261, 2287, 4848, 3697, 1653, 3701, 2167, 3702, 2553, 253]","[1513, 4518, 2542]"
314,90.0,"[7, 11, 1391, 17, 273, 536, 314, 539, 318]",[587]
315,100.0,"[902, 2067, 599, 154, 1947, 1276]",[]
316,33.33,[45],"[344, 342]"
317,84.85,"[48516, 6, 904, 91658, 68237, 2959, 16, 94864, 7445, 82459, 32, 293, 296, 1704, 2858, 4776, 81591, 68157, 318, 1089, 7361, 72011, 1617, 51540, 858, 82667, 7156, 1784]","[3147, 55276, 4973, 4306, 96829]"
318,75.56,"[1024, 33794, 6, 80906, 55820, 527, 90647, 97304, 97306, 158238, 32, 47, 71745, 30793, 117849, 63072, 118880, 73323, 90746, 81018, 1147, 4226, 48774, 53894, 77455, 67734, 69784, 71838, 120478, 44195, 60069, 4776, 1194, 133802, 3246, 27328, 42176, 100553, 1748, 74458, 71899, 86237, 159976, 3819, 33004, 4848, 1265, 176371, 1273, 1274, 158972, 7932, 27904, 48385, 173317, 86290, 7981, 84273, 3897, 92475, 318, 109374, 5971, 3412, 1884, 43869, 5475, 5989, 86377, 2427, 6016, 140162, 5508, 70533, 128902, 63876, 904, 33166, 97168, 71057, 922, 67997, 54185, 55721, 109487, 3000, 177593, 2495, 3007, 26048, 94150, 26059, 55765, 26073, 128991, 68073, 5617, 78836, 114678, 60408, 59387, 8190]","[48001, 62849, 90245, 3845, 83976, 4873, 4239, 1552, 140816, 535, 7071, 143525, 81191, 1193, 6953, 300, 1845, 100277, 4027, 3006, 93510, 2502, 1483, 593, 337, 3283, 6870, 77800, 84716, 101741, 54256, 74226, 1527]"
319,100.0,"[293, 1221, 106696, 2571, 110, 1907, 81845, 79132, 318]",[]
320,0.0,[],"[2058, 4387, 3534]"
321,100.0,"[2, 292, 141, 592, 593, 500, 24, 316, 317]",[]
322,58.33,"[7361, 10, 2571, 2542, 47, 2353, 953]","[6787, 11, 1136, 1080, 6874]"
323,77.78,"[2, 551, 527, 115569, 50, 112852, 116797]","[161, 562]"
324,100.0,"[608, 3864, 858]",[]
325,85.42,"[1280, 4226, 3461, 6, 2952, 2186, 1805, 4239, 4117, 924, 29, 541, 30, 1573, 555, 1845, 2490, 1211, 1217, 1219, 5444, 5445, 969, 2894, 593, 2391, 3160, 4956, 3550, 2912, 230, 235, 2155, 1517, 3435, 1391, 2159, 1270, 1784, 2425, 1279]","[4993, 1028, 3175, 233, 5418, 5004, 3163]"
326,87.88,"[46723, 43396, 44555, 55820, 84240, 1299, 30749, 116897, 165, 6953, 5418, 55721, 47, 31410, 70451, 68157, 116797, 57669, 5446, 1619, 1246, 85342, 3556, 86504, 110, 7153, 105844, 7160, 71033]","[5577, 3450, 32460, 3578]"
327,70.0,"[3617, 48516, 1221, 3785, 50, 3897, 1213]","[104, 1288, 150]"
328,93.33,"[1, 8961, 2959, 34, 78499, 1064, 3114, 3499, 5418, 81834, 47, 1200, 1073, 1203, 5299, 1206, 1080, 88125, 2115, 2398, 608, 5349, 616, 1258, 750, 1262, 1270, 35836]","[49272, 2174]"
329,66.67,"[1193, 778]",[1237]
330,69.05,"[260, 778, 4886, 32, 288, 4896, 60069, 4902, 551, 296, 1193, 1196, 1197, 6460, 58559, 3793, 6874, 858, 1246, 2916, 2918, 1258, 1387, 3949, 750, 1391, 497, 1394, 1784]","[1, 48738, 1923, 553, 1961, 6377, 2700, 1259, 3948, 2710, 2871, 2712, 25]"
331,75.0,"[115713, 4993, 8961, 91529, 2959, 94864, 6936, 30749, 293, 296, 112552, 112556, 50, 51255, 58559, 57669, 3535, 6874, 4963, 33004, 52973]","[193609, 91658, 61132, 4973, 50872, 6711, 2712]"
332,84.62,"[1, 4226, 59784, 6539, 3091, 79132, 1573, 85414, 4011, 1196, 2732, 47, 1200, 1584, 50, 6711, 58559, 1093, 2762, 590, 593, 1617, 4306, 1237, 1240, 3160, 6874, 3037, 608, 2019, 2020, 2028, 79091]","[8874, 56782, 1234, 26131, 2739, 8949]"
333,66.67,"[3578, 3567]",[1193]
334,83.33,"[6016, 1923, 356, 260, 296, 6377, 48394, 38038, 50872, 1755]","[1610, 4973]"
335,83.33,"[163, 1196, 780, 110, 50]",[1639]
336,80.0,"[1, 293, 6, 296, 1704, 2762, 2571, 2858, 47, 7153, 1722, 318]","[1246, 5445, 4973]"
337,100.0,"[32, 1, 802, 3, 36, 5, 708, 135, 711, 318, 110, 145, 786, 788, 376, 667, 350, 31]",[]
338,100.0,"[174053, 296, 8784, 50, 27773, 318]",[]
339,86.42,"[1, 4995, 81156, 6, 53000, 904, 91658, 115210, 80139, 85774, 2959, 16, 8464, 5010, 86504, 81562, 45210, 3741, 105504, 64034, 6947, 4262, 71464, 104879, 36529, 141749, 1206, 8376, 1213, 1214, 3006, 5952, 53953, 72641, 134853, 454, 457, 4299, 64716, 3535, 170705, 4306, 92243, 56145, 1625, 7001, 858, 52319, 86882, 2019, 5989, 64614, 6887, 174053, 114662, 1258, 5995, 364, 37741, 56174, 4975, 174055, 1265, 2028, 105844, 1653, 760, 139385, 47099, 35836]","[112290, 45672, 1674, 1259, 2858, 91978, 72011, 56782, 2160, 8529, 3578]"
340,100.0,"[648, 329, 10, 780, 110, 595, 150, 316, 318]",[]
341,80.0,"[1, 45672, 6537, 1036, 136020, 94677, 380, 7293]","[111617, 109374]"
342,50.0,"[3752, 3298, 733]","[3219, 1198, 223]"
343,85.71,"[4993, 296, 8969, 55820, 4878, 56367, 1617, 50, 2329, 5690, 35836, 1214]","[34338, 318]"
344,80.0,"[111362, 260, 34150, 8360, 3082, 3147, 111759, 3793, 91542, 7099, 2012, 318]","[2353, 2028, 110]"
345,66.67,"[838, 8810, 3534, 1244, 1690, 412, 7293, 1214]","[3489, 779, 8261, 3247]"
346,96.3,"[7940, 903, 904, 7438, 912, 17, 3362, 3627, 5679, 50, 31923, 32179, 1219, 7748, 1225, 6987, 1997, 1230, 6993, 2131, 3160, 7008, 26729, 111, 2160, 5878]",[5618]
347,100.0,"[1, 356, 648, 10, 11, 364, 780, 339, 597]",[]
348,88.89,"[2366, 4993, 92259, 260, 903, 4973, 750, 111, 50, 2357, 2329, 858, 79132, 1693, 4958, 58559]","[1250, 1267]"
349,85.71,"[356, 357, 105, 10, 364, 597]",[34]
350,75.0,"[32, 1393, 260]",[1]
351,95.24,"[6016, 4865, 73344, 48516, 2571, 48780, 4239, 71579, 296, 47, 67255, 2231, 88129, 6214, 1735, 51662, 4963, 88163, 5989, 88932]",[12]
352,92.59,"[34048, 4993, 4226, 260, 91529, 91658, 115210, 2959, 1552, 3471, 71057, 93840, 106002, 135569, 2966, 57368, 2329, 81562, 924, 105504, 81834, 99114, 47, 104879, 50, 1590, 1466, 79293, 69951, 5952, 99007, 1994, 1997, 51662, 3535, 115149, 593, 56145, 51540, 2393, 2908, 135133, 37729, 3555, 135143, 52328, 101864, 71530, 1779, 114935]","[1080, 56587, 40732, 2340]"
353,92.86,"[1, 2, 280, 6, 364, 237, 112, 144, 593, 595, 246, 344, 349]",[70]
354,89.74,"[8961, 2692, 648, 2571, 1676, 2572, 4878, 1682, 32, 1704, 4776, 2987, 1196, 47, 50, 1333, 5956, 3275, 1101, 593, 2003, 6874, 733, 4344, 356, 357, 5989, 3176, 2161, 52722, 30707, 1270, 49272, 377, 8957]","[1201, 1265, 1997, 52973]"
355,83.33,"[900, 901, 2628, 2094, 316]",[2916]
356,80.7,"[60293, 59141, 902, 3210, 1291, 2571, 141, 2572, 1784, 916, 3481, 3994, 1573, 2858, 180, 1206, 51255, 1208, 7352, 4027, 62, 58559, 7361, 1220, 457, 7419, 2005, 3160, 44889, 1884, 6365, 1639, 5992, 5225, 54503, 2797, 2542, 5103, 1265, 6003, 500, 2804, 1270, 8949, 49272, 40955]","[3552, 44195, 31878, 1610, 4011, 912, 529, 3186, 4979, 3477, 30810]"
357,72.6,"[1, 2959, 17, 2581, 277, 26133, 926, 671, 26528, 34, 80549, 551, 296, 1704, 2599, 2863, 8368, 96563, 5816, 953, 3897, 1213, 318, 1345, 1221, 5445, 3911, 586, 8011, 1997, 1104, 1361, 3578, 6612, 2005, 54997, 69844, 5464, 2011, 4700, 2918, 1895, 6502, 26471, 80489, 40815, 4720, 1265, 54001, 1267, 628, 55290, 1022]","[46976, 780, 8464, 553, 66097, 1721, 1084, 6593, 1219, 1350, 72011, 1101, 80463, 2137, 4447, 2144, 1259, 2160, 46578, 2686]"
358,100.0,"[902, 70599, 42728, 36525, 8533, 1721, 71579, 2396, 69757]",[]
359,77.78,"[1, 4034, 296, 1225, 2858, 4306, 58]","[1172, 1246]"
360,100.0,"[1488, 1584, 1747, 1721, 1754, 1407]",[]
361,100.0,"[6378, 3082, 2700, 6188, 2706, 5459, 49272, 47099, 46972]",[]
362,90.0,"[6, 103688, 91529, 2571, 48780, 7438, 2959, 16, 924, 8360, 1193, 318, 5952, 1089, 1732, 1221, 1222, 2628, 56145, 51540, 356, 1252, 1645, 367, 7153, 98809, 5630]","[5784, 1682, 31]"
363,66.67,"[296, 50, 168250, 122918]","[168252, 141]"
364,83.33,"[832, 805, 141, 786, 95]",[1]
365,93.33,"[62434, 4995, 5989, 93510, 72998, 95720, 112138, 115210, 1196, 76077, 115149, 95441, 4886, 318]",[356]
366,100.0,"[91529, 1036, 589, 110, 7438, 109487, 7153, 6874, 116797]",[]
367,87.18,"[1, 513, 3466, 3594, 3471, 3088, 150, 3994, 923, 2716, 1565, 926, 2078, 928, 3616, 3615, 39, 3114, 4019, 4023, 1219, 1221, 593, 4306, 3157, 3797, 3798, 4310, 1246, 3809, 2018, 1387, 2671, 3453]","[2080, 587, 4308, 1304, 2430]"
368,88.0,"[6, 2571, 16, 920, 678, 296, 47, 1200, 1201, 2366, 5060, 1617, 3285, 1240, 1625, 1242, 858, 2268, 349, 3160, 356, 1252]","[1954, 3148, 1198]"
369,75.0,"[7361, 3174, 2959, 1625, 370, 1682, 8665, 1500, 3033]","[520, 8641, 19]"
370,86.67,"[5952, 4993, 1285, 296, 2762, 2571, 32587, 50, 5618, 8983, 1240, 2618, 223]","[1288, 38061]"
371,83.33,"[7361, 4226, 26662, 48, 592, 31696, 1748, 661, 3863, 2297]","[4090, 1884]"
372,90.91,"[6, 1291, 11, 141, 14, 1297, 281, 1307, 799, 293, 296, 553, 555, 1197, 1200, 52, 440, 1215, 1089, 1090, 1221, 838, 1224, 588, 858, 377, 110, 1390, 1401, 380]","[1408, 1198, 1079]"
373,100.0,"[230, 198, 296, 6, 235, 527, 16, 305, 25, 508, 509, 318]",[]
374,83.33,"[161, 1258, 780, 153, 1215]",[110]
375,85.71,"[32, 318, 1923, 2002, 344, 2046]",[48385]
376,96.67,"[4226, 648, 10, 150, 410, 2716, 32, 4896, 60069, 1196, 1197, 1198, 1580, 1584, 454, 1479, 2762, 4306, 7254, 733, 67295, 1252, 5989, 745, 1258, 59369, 1262, 7153, 376]",[2763]
377,70.37,"[6656, 2311, 150, 926, 6303, 32, 34, 84799, 8641, 2117, 8138, 2124, 3153, 4434, 1244, 1262, 87287, 1019, 3070]","[3363, 1251, 4294, 1032, 4713, 25771, 80748, 6270]"
378,91.67,"[5952, 1, 4993, 318, 3114, 48780, 64716, 109487, 116797, 106782, 58559]",[36]
379,100.0,"[480, 34, 457, 110, 150, 539]",[]
380,81.59,"[2048, 1, 2, 1029, 6, 4105, 1036, 27660, 1552, 110102, 541, 4638, 1566, 1573, 122918, 122920, 122922, 47, 50, 6196, 5690, 27706, 60, 88129, 6218, 88140, 595, 596, 3156, 2648, 173145, 2139, 2140, 608, 6754, 5219, 34405, 1127, 3175, 1129, 2161, 3697, 3698, 3702, 49272, 2687, 4226, 45186, 5254, 31878, 1676, 2700, 3213, 48780, 93838, 98961, 1682, 8360, 88235, 4270, 1201, 8371, 1208, 1722, 74948, 1222, 1223, 32456, 5833, 7373, 7376, 2772, 8917, 7387, 59615, 2788, 34534, 2791, 64231, 6377, 141544, 95473, 95475, 8950, 77561, 1275, 1276, 8957, 1278, 108795, 68358, 165639, 53000, 95497, 780, 40723, 4886, 4887, 102684, 3869, 64285, 799, 3363, 7981, 104241, 2355, 103228, 2366, 109374, 5445, 91974, 32587, 1356, 172875, 1359, 5459, 164179, 40278, 1367, 56152, 68954, 56156, 34150, 119145, 364, 7022, 367, 56174, 4980, 93563, 2947, 2948, 2949, 7044, 6537, 6539, 4498, 2454, 2455, 3994, 115617, 79274, 2991, 147376, 1970, 59315, 147382, 7099, 45499, 1982, 84414, 3527, 117192, 63433, 1994, 3535, 52694, 4571, 2012, 76251, 485, 59369, 2028, 98809]","[69122, 1028, 5899, 2321, 40732, 2470, 164909, 181, 2997, 1207, 3510, 98491, 837, 3018, 6220, 3916, 84942, 172497, 1234, 48982, 5463, 52952, 79702, 3421, 223, 5218, 6755, 356, 1125, 231, 79592, 6764, 500, 45431, 84601, 27773, 3327]"
381,84.85,"[27904, 5377, 2, 2052, 49286, 4873, 4878, 783, 54286, 4886, 6936, 72733, 30749, 44191, 3489, 3745, 72737, 72998, 2471, 1704, 3624, 5418, 1580, 1197, 1198, 8622, 8368, 66097, 50, 4019, 5299, 62, 837, 2502, 457, 2762, 31435, 2125, 6863, 5971, 41566, 68319, 2788, 5989, 46948, 49274, 2797, 6893, 1136, 497, 2161, 46578, 54001, 1653, 49530, 2431]","[480, 68554, 5995, 780, 54190, 43376, 8529, 4022, 4025, 45950]"
382,84.85,"[1, 4226, 2054, 150, 117529, 2078, 72737, 118696, 50, 59315, 73017, 1210, 1214, 95167, 58559, 1219, 588, 593, 69844, 6365, 41566, 2028, 750, 40815, 7153, 58105, 3703, 98809]","[7458, 44555, 115149, 4085, 91542]"
383,100.0,"[2496, 2501, 903, 3115, 2546, 150, 539]",[]
384,70.0,"[3203, 296, 1258, 4333, 3471, 2268, 223]","[3219, 60, 1959]"
385,88.46,"[1408, 1, 1288, 1291, 1293, 21, 924, 541, 1183, 32, 296, 553, 1196, 1197, 1211, 1213, 318, 858, 1254, 1258, 497, 1265, 1527]","[337, 1219, 903]"
386,100.0,"[16, 34, 608, 21]",[]
387,84.21,"[8199, 8207, 3089, 26131, 5147, 8228, 47, 56367, 1073, 50, 1080, 26171, 2632, 1617, 608, 3683, 2664, 6774, 26231, 1148, 6783, 4226, 48774, 2183, 4235, 3730, 4754, 6807, 6301, 2208, 1186, 4262, 1193, 1208, 1210, 1212, 3788, 1230, 6350, 1235, 1748, 1251, 1252, 741, 1254, 745, 4848, 1276, 7934, 7936, 7937, 1282, 1288, 48394, 4878, 7438, 2324, 2329, 288, 293, 296, 2871, 2905, 37733, 5489, 48516, 913, 3476, 922, 923, 7587, 1967, 3000, 7099, 1997, 7118, 56782, 39381, 3030, 6123]","[3424, 97, 2599, 1704, 2858, 2161, 7698, 7123, 39444, 1237, 5617, 1079, 2360, 2009, 3421]"
388,83.33,"[78637, 1197, 4306, 62999, 86298]",[1703]
389,100.0,"[1, 802, 260, 5, 6, 140, 141, 780, 788]",[]
390,83.33,"[6016, 3174, 8327, 2025, 235, 110, 5903, 3408, 6350, 8622, 307, 66097, 2076, 64957, 8254]","[2288, 62644, 4014]"
391,69.33,"[2947, 2948, 6, 778, 2571, 910, 2959, 912, 1041, 4499, 2712, 3481, 920, 25, 3996, 29, 1184, 1059, 4011, 1968, 308, 1845, 1210, 1213, 318, 1214, 2502, 199, 2248, 1357, 1233, 5202, 2003, 1748, 3159, 1240, 3160, 1244, 2396, 223, 5475, 5477, 1131, 1132, 750, 4334, 1136, 497, 1265, 500, 1270, 1277]","[4361, 1036, 3470, 527, 5135, 3089, 2194, 2708, 5013, 2716, 1185, 5537, 1193, 1961, 4144, 1719, 695, 2232, 1348, 1358, 3418, 348, 233]"
392,33.33,[1198],"[1193, 1221]"
393,100.0,"[4226, 68358, 91529, 48394, 6539, 122892, 68237, 4878, 33679, 1682, 8984, 2329, 130842, 293, 51255, 4027, 6333, 457, 96079, 31696, 130518, 6365, 110, 1653, 66934, 49272, 98809]",[]
394,100.0,"[225, 50, 110]",[]
395,100.0,"[160, 520, 552, 172, 110, 597]",[]
396,100.0,"[1, 293, 6377, 3114, 50, 4886]",[]
397,83.33,"[6016, 232, 5291, 492, 4017]",[123]
398,75.0,"[32, 60069, 902, 6408, 2248, 2161, 5971, 59387, 1278]","[7022, 48516, 910]"
399,88.89,"[1, 260, 296, 6377, 1291, 2571, 7153, 6333]",[2194]
400,92.31,"[608, 1221, 6, 44199, 778, 1258, 47, 50, 1270, 44665, 858, 168252]",[47099]
401,87.5,"[37729, 134853, 239, 783, 152081, 50872, 52287]",[1136]
402,100.0,"[589, 112, 593, 434, 597, 442, 380, 61, 95]",[]
403,83.33,"[3107, 110, 47, 180, 3006]",[2502]
404,77.78,"[356, 357, 11, 590, 17, 539, 349]","[34, 588]"
405,74.07,"[47491, 390, 1673, 1805, 4878, 68237, 16, 25, 3355, 541, 32, 1206, 1213, 1625, 3418, 37731, 34405, 4848, 370, 8950]","[64614, 25771, 69134, 3409, 5810, 1214, 8254]"
406,66.67,"[261, 2125]",[135]
407,100.0,"[260, 1291, 1196, 7153, 59315, 58559]",[]
408,87.88,"[46976, 4993, 260, 10, 2571, 48394, 111759, 91542, 69278, 111781, 109487, 93363, 138036, 5047, 73017, 318, 58559, 8641, 71106, 56775, 5064, 3033, 55908, 2791, 165101, 1272, 98809, 47610, 1278]","[8528, 1265, 7324, 152077]"
409,81.48,"[3846, 910, 3099, 678, 39, 2599, 1193, 1194, 1197, 3504, 3526, 3543, 1242, 858, 223, 3040, 2657, 1247, 3175, 1513, 111, 1394]","[1256, 2683, 3868, 3869, 1694]"
410,82.93,"[2176, 3, 2186, 3468, 908, 527, 913, 1188, 1958, 427, 1963, 2731, 3504, 1073, 52, 1206, 1079, 1080, 58, 6460, 4160, 1859, 3911, 4175, 2769, 3925, 3928, 3161, 2395, 1248, 3552, 1252, 4334, 4214]","[1251, 2184, 912, 468, 1173, 3224, 3134]"
411,100.0,"[448, 1, 2, 161, 454, 296, 553, 586, 11, 587, 150, 151, 316, 282, 380]",[]
412,57.14,"[1537, 1252, 2759, 904, 2763, 908, 910, 1617, 2770, 1172, 1244, 2239]","[162, 34, 2150, 1610, 1136, 17, 1269, 1147, 2108]"
413,73.33,"[1792, 1221, 296, 3624, 54286, 16, 3408, 4890, 68157, 318, 64957]","[1704, 4993, 3147, 5574]"
414,68.83,"[1024, 1, 1025, 157699, 3, 115713, 115210, 11, 81932, 41997, 3087, 97304, 3098, 82459, 2078, 158238, 2080, 2081, 4641, 4643, 72226, 105504, 1059, 551, 5673, 122926, 1073, 96821, 1589, 5685, 62, 2115, 2116, 4167, 72, 4168, 6216, 3145, 1101, 26704, 594, 596, 3671, 3675, 2143, 2145, 5219, 5222, 5225, 179817, 63082, 3181, 1656, 2683, 69757, 2686, 3198, 166528, 140928, 6787, 127108, 1673, 63113, 111759, 89745, 147, 150, 151, 4248, 6807, 127130, 7323, 49822, 671, 6816, 44191, 6306, 4771, 44195, 3745, 4262, 3751, 4776, 166568, 1196, 36527, 2736, 4275, 5303, 1208, 2745, 1210, 36535, 67255, 58559, 1732, 1222, 53447, 1223, 1224, 3275, 7884, 4816, 8914, 2261, 33493, 215, 1242, 1243, 222, 1246, 3296, 4322, 2275, 3298, 4327, 4329, 6377, 8937, 166635, 1262, 1263, 6385, 171765, 5881, 1276, 1278, 27904, 2819, 260, 5896, 48394, 2318, 5391, 5902, 2321, 4372, 2325, 4886, 6934, 4888, 4889, 1302, 5400, 1304, 109848, 79132, 3862, 3360, 3361, 3362, 3882, 7980, 318, 319, 5445, 848, 852, 5460, 40278, 5463, 2396, 2398, 2401, 86882, 2915, 1377, 357, 4965, 2918, 4967, 1378, 5989, 5991, 364, 4973, 5993, 367, 69481, 3441, 3952, 66934, 2425, 2427, 33660, 1917, 4478, 1921, 53123, 48516, 4488, 104841, 33672, 908, 909, 910, 178061, 50068, 5013, 5015, 2968, 5016, 72605, 1812, 95135, 4002, 62374, 4007, 4008, 2985, 2987, 428, 140715, 8622, 431, 109487, 3505, 5553, 1965, 1967, 59315, 81845, 951, 953, 8636, 5568, 4033, 4034, 2501, 5577, 5071, 5072, 5073, 3543, 3034, 27611, 6620, 3037, 3039, 3552, 3861, 2019, 2020, 2021, 55269, 7143, 6636, 493, 494, 7151, 46578, 30707, 55290, 1023]","[54272, 39427, 3081, 97306, 30749, 543, 6689, 4642, 1060, 553, 6188, 5679, 6195, 1587, 1594, 2114, 3142, 3654, 3147, 4175, 1103, 593, 1104, 94, 2144, 48738, 2671, 115828, 3189, 7285, 1663, 46723, 173197, 173205, 67734, 1188, 36517, 1193, 2730, 5292, 5293, 86190, 6322, 7346, 1207, 1719, 1721, 50872, 6331, 700, 708, 3783, 89804, 209, 8919, 2268, 79592, 6378, 25834, 78574, 94959, 1265, 154358, 1277, 46850, 5380, 261, 262, 59141, 1805, 106766, 6932, 2836, 1303, 4378, 4380, 6942, 799, 2858, 1836, 308, 7482, 69951, 72011, 3421, 3424, 2916, 1387, 3951, 95088, 85881, 39292, 3967, 1923, 2443, 140174, 4499, 89492, 1442, 933, 3499, 1966, 3504, 441, 4029, 8638, 1476, 2502, 1484, 177615, 3536, 491, 7147, 55276, 2542]"
415,95.24,"[2571, 3468, 909, 3730, 2329, 922, 928, 47, 50, 1203, 3507, 1213, 7361, 1221, 32587, 588, 480, 356, 2539, 111]",[44195]
416,88.89,"[46976, 327, 296, 4848, 2997, 247, 26810, 7323]",[3677]
417,94.44,"[288, 5952, 6016, 4995, 1221, 296, 106920, 1258, 2858, 112552, 47, 2959, 1625, 3578, 68157, 106782, 58559]",[55247]
418,85.0,"[5952, 156387, 102903, 102407, 296, 1704, 1370, 140174, 80463, 111, 1136, 50, 1206, 104374, 5816, 74458, 79132]","[1207, 1682, 6711]"
419,83.33,"[86668, 41997, 4878, 2959, 8464, 2329, 67997, 7458, 8361, 47, 50, 1206, 1213, 90943, 1221, 2502, 3147, 4816, 3285, 4958, 356, 69860, 64614, 493, 377]","[104, 89580, 2542, 34319, 37240]"
420,74.07,"[1, 1281, 2819, 6539, 8337, 924, 44191, 296, 2858, 56757, 1080, 56251, 5952, 7361, 2762, 4306, 6104, 1517, 33903, 43376]","[1416, 73, 3917, 910, 56367, 3793, 7700]"
421,88.89,"[73, 1193, 527, 1201, 1203, 2966, 318, 4223]",[3949]
422,93.33,"[4833, 4802, 1250, 260, 1252, 2628, 4803, 3468, 2669, 2288, 3671, 3897, 1213, 318]",[1]
423,83.33,"[296, 2194, 1653, 150, 1304]",[110]
424,85.0,"[8641, 4226, 1219, 1092, 1193, 3948, 47, 111, 66097, 50, 7347, 60756, 136469, 6870, 2160, 68157, 2174]","[115713, 2291, 3261]"
425,90.91,"[4995, 5254, 6, 8970, 778, 33162, 782, 2447, 1552, 6934, 2329, 30749, 32, 293, 296, 5418, 47, 4148, 318, 4033, 4034, 3275, 1625, 1246, 1249, 6754, 3176, 6377, 1259, 1645]","[3147, 1020, 2335]"
426,80.0,"[6593, 2, 5989, 3751, 6377, 588, 56367, 337, 3793, 595, 69844, 597]","[3408, 66934, 31]"
427,88.89,"[4226, 4963, 296, 5418, 5325, 110, 16, 5364]",[3578]
428,92.86,"[6754, 27846, 1639, 4776, 4745, 6957, 180, 1748, 8917, 1527, 6874, 3996, 253]",[223]
429,92.86,"[257, 195, 261, 266, 204, 207, 48, 339, 595, 22, 315, 60, 317]",[592]
430,83.33,"[3745, 2501, 3751, 5902, 3534, 2321, 6333, 2396, 6365, 318]","[529, 858]"
431,0.0,[],"[1233, 1234, 555]"
432,80.0,"[2, 45447, 91658, 527, 8981, 2329, 25, 79132, 44191, 78499, 1704, 58154, 47, 1200, 1206, 1721, 57274, 92348, 45503, 58559, 8644, 64839, 587, 3793, 4306, 8919, 2268, 5989, 92391, 4720, 7153, 1653, 7158, 7160, 3578, 5630]","[5952, 4865, 480, 66090, 3707, 912, 80880, 2232, 68347]"
433,100.0,"[296, 91529, 80463, 50, 6874, 318]",[]
434,87.5,"[1, 4226, 4995, 8961, 6, 48774, 778, 48780, 68237, 2959, 2194, 1193, 8874, 2858, 4011, 1196, 1197, 5418, 47, 6711, 68157, 318, 4034, 2115, 6857, 6870, 74458, 480, 356, 741, 2916, 1258, 2028, 750, 1274]","[48738, 64839, 5225, 33166, 1265]"
435,83.33,"[7361, 6874, 68358, 2023, 7438, 2353, 50, 74458, 68954, 2302]","[48, 158]"
436,100.0,"[1, 2, 34, 421, 551, 364, 531, 568, 377]",[]
437,83.33,"[6, 1293, 16, 17, 144, 1299, 1307, 318, 1095, 1225, 590, 1230, 222, 223, 608, 110, 371, 628, 246, 125]","[1120, 1234, 1171, 376]"
438,86.36,"[46976, 1, 4226, 45186, 6, 1287, 10, 1036, 6157, 5267, 6548, 150, 1302, 4886, 27801, 27808, 1954, 34338, 165, 1573, 170, 1580, 4270, 8622, 8368, 2353, 2355, 3897, 2879, 5055, 5952, 6595, 2762, 3275, 1100, 3916, 592, 2001, 594, 595, 3156, 7254, 6617, 5218, 34405, 7143, 4846, 26865, 34162, 3317, 4085, 1527, 46965, 377, 1275, 380, 1918]","[1061, 457, 6155, 2763, 8464, 7153, 4823, 3865, 2302]"
439,100.0,"[5952, 4993, 356, 527, 7153, 318]",[]
440,85.71,"[541, 60069, 3174, 1960, 2707, 29]",[307]
441,84.62,"[122886, 10, 1517, 47, 208, 4306, 4402, 51255, 1241, 4571, 58559]","[58998, 1198]"
443,88.89,"[1, 4993, 260, 2858, 91500, 78574, 2959, 64957]",[110]
444,100.0,"[6, 296, 265, 431, 16, 273, 527, 21, 509]",[]
445,73.33,"[32, 7361, 116897, 778, 2762, 750, 110, 47, 2959, 4878, 27773]","[112552, 745, 109374, 8014]"
446,88.89,"[32, 224, 288, 265, 11, 589, 527, 17]",[590]
447,100.0,"[288, 353, 2, 356, 519, 266, 427, 44, 31, 434, 531, 595, 277, 597, 540, 350, 383]",[]
448,78.99,"[1, 1028, 91653, 1030, 1031, 2567, 101895, 10, 91658, 16, 4121, 115231, 3617, 3618, 152105, 3635, 1080, 2105, 1083, 1089, 4681, 1610, 1614, 106062, 1617, 596, 599, 608, 3175, 4734, 3198, 48262, 98961, 1171, 5785, 2723, 1193, 1196, 3247, 135861, 67255, 6333, 4799, 48322, 1221, 1223, 2762, 1227, 2770, 84696, 1755, 66785, 4322, 3301, 4327, 102123, 1266, 4339, 1270, 114935, 1784, 260, 5382, 85774, 5915, 3868, 3869, 6427, 2335, 79132, 106782, 296, 2355, 3897, 2366, 5445, 32587, 1356, 51540, 5464, 8542, 1379, 2918, 2922, 1387, 33166, 3471, 5010, 919, 7076, 3494, 2985, 3498, 2987, 2989, 7091, 5049, 8636, 106438, 84944, 474, 3034, 7132, 2018, 2019, 3044, 485, 492, 4085]","[54272, 155659, 912, 2587, 923, 5669, 300, 4022, 2110, 2111, 1856, 5060, 91077, 80463, 8528, 54997, 80219, 30812, 2013, 3039, 2915, 114662, 6375, 69481, 2542, 1265, 46578, 3317, 3327]"
449,100.0,"[32, 293, 4011, 3950, 2959, 50]",[]
450,86.67,"[3969, 3363, 260, 3173, 3624, 3753, 3977, 1259, 1387, 2924, 110, 111, 1206]","[3972, 3671]"
451,100.0,"[608, 1, 6, 648, 593, 17]",[]
452,83.33,"[3081, 10, 3082, 1676, 4369, 1687, 2840, 2167, 552, 44, 2989, 47, 1200, 1968, 4015, 1717, 1206, 4025, 2490, 1210, 316, 5049, 1092, 2502, 1608, 1097, 1610, 2763, 3273, 589, 1614, 2126, 592, 2640, 4571, 4446, 1376, 353, 3301, 2406, 2791, 1259, 3438, 1391, 2160, 1270, 3703, 3704, 3702, 1917]","[1089, 1954, 2657, 4963, 1387, 5292, 4014, 337, 1265, 2648]"
453,85.51,"[3968, 1, 1921, 1923, 3972, 5378, 520, 778, 4235, 4238, 2321, 3986, 2324, 2325, 4246, 543, 32, 1183, 34, 3617, 165, 2858, 3114, 3243, 3247, 4027, 4029, 3006, 4034, 2558, 3146, 1614, 3790, 2000, 1617, 3538, 1747, 3798, 1753, 1370, 1627, 733, 4701, 224, 480, 357, 231, 2539, 364, 3821, 2542, 367, 1391, 2671, 2805, 1784, 3578, 2683, 2686]","[1120, 5377, 5418, 1357, 3248, 785, 1136, 2839, 4605, 4447]"
454,87.5,"[48774, 296, 904, 2858, 2867, 2908, 735]",[68237]
455,88.89,"[350, 34, 356, 11, 590, 597, 349, 62]",[593]
456,88.89,"[832, 1, 1060, 74, 653, 1167, 662, 694]",[9]
457,100.0,"[1376, 3072, 260, 1375, 110, 2094, 2959, 3578, 223]",[]
458,100.0,"[736, 161, 2, 280, 292, 165, 454, 185, 296, 10, 595, 21, 597, 440, 377]",[]
459,100.0,"[8961, 260, 177765, 122922, 2571, 48780, 50872, 3996]",[]
460,80.95,"[1, 4963, 6502, 80489, 8970, 2571, 6539, 48780, 4878, 2959, 2762, 51255, 150, 4886, 49272, 79132, 76093]","[6385, 34405, 30749, 318]"
461,83.33,"[356, 2762, 3147, 1784, 318]",[186]
462,69.7,"[73344, 89090, 1283, 160644, 6787, 46855, 27912, 1676, 3089, 184721, 21, 89759, 105504, 88744, 60333, 47, 2736, 6064, 1080, 5952, 1090, 2243, 7620, 187717, 27846, 45382, 58191, 3793, 7767, 1240, 858, 1245, 60766, 3168, 5986, 3683, 8042, 105835, 750, 111, 1648, 2289, 6775, 1276, 1278, 4863]","[4741, 44555, 2318, 1682, 183317, 27563, 76077, 74545, 562, 6869, 1241, 2788, 2791, 4967, 109161, 3182, 162414, 1136, 3698, 158966]"
463,100.0,"[356, 296, 3753, 2028, 110, 4223]",[]
464,84.62,"[48516, 44555, 16, 20, 25, 3994, 79132, 293, 296, 1835, 318, 5952, 1222, 593, 33493, 1240, 858, 2021, 5989, 5995, 2028, 3578]","[1393, 4011, 597, 74727]"
465,100.0,"[2944, 904, 3723, 1783, 164, 1834, 2353, 1089, 1090, 1219, 1092, 3649, 3654, 1608, 1240, 1370, 349, 3551, 608, 1252, 2916, 2278, 1769, 750, 111, 1518, 3703, 3706, 2427, 2941]",[]
466,95.83,"[59784, 2571, 6539, 33679, 2959, 111759, 6934, 4896, 60069, 109487, 59315, 50872, 76093, 77561, 8665, 74458, 4963, 356, 4718, 98809, 49530, 47099, 8957]",[6373]
467,100.0,"[389, 41, 2324, 2390, 58, 2493]",[]
468,100.0,"[32, 1, 39, 300, 590, 380]",[]
469,81.48,"[3200, 3201, 898, 2947, 903, 904, 1674, 1292, 1299, 1303, 1945, 543, 32, 930, 293, 933, 551, 296, 1193, 555, 1196, 944, 3633, 2353, 3508, 1208, 1212, 1213, 1086, 318, 1089, 1090, 2243, 2762, 1228, 2253, 1230, 1231, 3022, 2000, 2391, 3160, 3801, 1244, 2524, 3037, 2143, 2144, 1248, 2273, 1250, 3809, 2788, 2918, 2529, 2021, 2921, 2028, 1263, 1265, 1394, 1267, 1653, 3445, 2550, 3068]","[3552, 1, 1377, 3813, 3462, 2346, 1387, 1197, 1934, 2132, 1719, 3418, 2779, 29, 1950]"
470,100.0,"[480, 1, 34, 736, 329, 457, 14, 494, 1073, 339, 597, 349]",[]
471,100.0,"[1, 78499, 60069, 296, 527, 68157]",[]
472,77.78,"[91529, 3178, 50, 2840, 765, 318, 58559]","[3100, 95510]"
473,83.33,"[7361, 293, 7147, 2329, 8957]",[318]
474,76.37,"[5632, 1, 515, 1035, 41997, 47629, 527, 16, 17, 1041, 2080, 6178, 7714, 2085, 6181, 7728, 50, 50740, 3125, 34359, 41527, 3147, 589, 592, 1104, 1617, 2640, 2641, 7766, 1625, 41566, 1635, 30822, 2664, 4211, 5747, 6269, 4226, 30850, 2182, 2186, 3211, 6291, 7318, 3735, 25750, 38038, 45210, 1189, 8360, 5802, 5291, 1196, 1197, 8366, 27820, 8368, 8880, 1721, 3260, 27838, 1217, 7361, 1219, 1221, 6856, 2761, 3793, 8914, 1235, 1748, 33493, 1240, 3801, 1242, 6874, 2268, 745, 6377, 8938, 1260, 6380, 750, 6385, 2291, 2295, 249, 4857, 260, 261, 1285, 1288, 4361, 778, 1291, 25865, 4878, 4881, 3350, 8983, 25886, 49961, 25898, 2355, 6963, 31030, 2872, 3384, 3386, 9018, 1344, 6979, 6981, 1353, 5450, 55118, 5971, 8019, 2391, 5470, 1380, 5989, 2918, 5991, 5483, 364, 37741, 4980, 1913, 377, 33660, 4993, 48516, 7560, 906, 1931, 910, 7566, 5008, 3475, 7061, 7062, 2968, 3481, 7064, 923, 924, 926, 3489, 1954, 1957, 1449, 8622, 950, 951, 954, 1466, 8636, 8125, 8638, 6592, 4046, 48598, 1496, 4571, 3548, 3549, 3039, 2529, 2019, 2020, 3044, 45028, 8167, 4077, 497, 5618, 7156, 2550, 7160, 6650]","[1921, 2565, 4359, 1033, 2185, 909, 6286, 5266, 6163, 7572, 2966, 2967, 7323, 5791, 55071, 4641, 1955, 2728, 3246, 5294, 52, 2100, 2357, 1719, 2745, 27834, 3135, 44864, 4034, 4546, 1350, 1103, 593, 337, 6867, 3932, 6620, 54881, 1124, 3556, 2022, 2919, 38886, 1258, 1259, 1387, 3949, 3052, 111, 1393, 5619, 7158, 4217, 4347, 50685, 3967]"
475,97.62,"[4993, 2, 111362, 1527, 6534, 68358, 2571, 6539, 122892, 4366, 54286, 784, 89745, 111759, 788, 69526, 122904, 2716, 165, 122922, 1580, 109487, 40629, 2617, 8636, 88125, 8644, 88140, 592, 4306, 69844, 8665, 6365, 1374, 5218, 5349, 34150, 56171, 56174, 40815, 4343]",[19]
476,100.0,"[32, 1, 2, 261, 362, 587, 300, 364, 588, 589, 376, 252]",[]
477,78.26,"[1, 33794, 69122, 2054, 27660, 34319, 2064, 2065, 60979, 1089, 1097, 8783, 8784, 593, 608, 41569, 72308, 2694, 48774, 48780, 6807, 59037, 44191, 27808, 6323, 1204, 3254, 1207, 1208, 68791, 6333, 58559, 6857, 3275, 61132, 6350, 33493, 1240, 74458, 1246, 223, 3809, 3811, 1252, 3300, 5349, 53996, 750, 2288, 2294, 2297, 5881, 1276, 1278, 1792, 5378, 59141, 68358, 4873, 4874, 1291, 780, 5388, 4878, 5903, 3868, 7454, 72998, 1831, 1833, 82242, 356, 2918, 364, 2413, 56174, 1392, 2424, 4489, 61323, 3471, 1953, 4519, 2987, 1968, 42422, 8636, 3527, 27611, 8157]","[2, 2692, 905, 5902, 51086, 55442, 4499, 3476, 24, 2716, 1952, 1449, 2997, 6711, 53953, 53574, 208, 56145, 216, 1124, 368, 1394, 2420, 637, 7934]"
478,66.67,"[33493, 350]",[1073]
479,66.67,"[1088, 1921, 3361, 260, 1029, 1958, 838, 2374, 2908, 616, 2384, 82, 242, 4308, 4246, 3098, 5404, 3070]","[3360, 3363, 1198, 5135, 1936, 818, 3893, 5365, 2362]"
480,69.89,"[46976, 5377, 6787, 260, 261, 6, 4995, 8970, 1291, 48780, 33166, 2959, 16, 1682, 39444, 1302, 6807, 2329, 3481, 2716, 2973, 44191, 1962, 36527, 8368, 3253, 1208, 8376, 3897, 953, 1213, 47423, 5952, 5956, 47044, 588, 589, 590, 4308, 33493, 26965, 39381, 3160, 4571, 1246, 1247, 356, 5349, 5989, 27879, 2918, 3943, 367, 1136, 4975, 40815, 2291, 7153, 1653, 3448, 249, 7162, 2683, 35836, 36477]","[5379, 2692, 1673, 10, 43914, 6796, 33421, 48783, 2321, 3858, 4247, 1304, 923, 44195, 1957, 1961, 8622, 3252, 1207, 441, 954, 1101, 1103, 3552, 7265, 1256, 4979, 49272]"
481,100.0,"[1608, 1465, 1183]",[]
482,95.24,"[8961, 2, 648, 780, 653, 8972, 4367, 8981, 6934, 1307, 8360, 4270, 50, 62, 8268, 2393, 1374, 3948, 1517, 2174]",[2353]
483,79.82,"[1, 2, 69122, 3076, 520, 1032, 2571, 527, 16, 1059, 551, 1588, 51255, 1080, 68157, 80463, 1625, 63082, 1653, 58998, 4226, 31364, 6283, 48780, 89745, 6807, 26776, 44191, 170, 8874, 38061, 1200, 1201, 8368, 1203, 2232, 58559, 198, 106696, 6863, 4306, 8917, 3301, 54503, 27370, 102125, 1266, 2291, 8949, 1270, 2810, 4886, 26903, 799, 4896, 32554, 76077, 89904, 74545, 73017, 5445, 57669, 8533, 858, 68954, 4963, 356, 5477, 5989, 364, 368, 6016, 88448, 899, 108932, 3994, 3996, 106918, 31658, 81834, 2490, 95167, 2005, 3033, 2011, 2012, 55269, 7147, 62956, 7153, 7164]","[54272, 4246, 2843, 96417, 5418, 180, 81845, 2231, 50872, 95939, 6857, 102481, 8529, 64614, 101612, 2797, 3310, 42734, 3052, 1265, 2542, 3317, 3967]"
484,91.23,"[1, 1025, 7173, 1029, 1032, 37384, 93320, 2707, 3988, 52245, 1431, 2078, 673, 3489, 3617, 74789, 39, 551, 70183, 6188, 47, 1968, 4015, 180, 4034, 5954, 455, 2762, 203, 4816, 5970, 88405, 4823, 216, 480, 2018, 88163, 1380, 42725, 71268, 616, 1513, 30825, 7147, 52973, 3438, 4975, 2289, 2291, 7285, 35836, 8957]","[2718, 53996, 8917, 733, 2174]"
485,83.33,"[161, 457, 10, 150, 380]",[434]
486,100.0,"[161, 353, 163, 6, 648, 329, 10, 173, 589, 592, 21, 349]",[]
487,100.0,"[8961, 260, 904, 8874, 1197, 7438]",[]
488,80.95,"[608, 1, 36, 3396, 678, 1704, 6539, 4973, 720, 17, 914, 4857, 4886, 6807, 953, 955, 2109]","[6385, 3451, 1797, 3671]"
489,68.33,"[899, 4356, 7, 904, 89745, 1172, 44694, 2716, 924, 89118, 6942, 44191, 3105, 1186, 551, 57640, 938, 8874, 48, 66097, 307, 1587, 87232, 2115, 5445, 1097, 587, 590, 1617, 51540, 342, 6874, 68954, 1249, 2021, 1263, 5618, 4474, 3067, 69757, 2174]","[3969, 2692, 902, 17, 4508, 3742, 5669, 949, 3897, 45501, 8641, 8645, 51662, 337, 2657, 1641, 1258, 6377, 3052]"
490,91.67,"[58559, 2692, 64839, 296, 86347, 4144, 306, 89492, 215, 3481, 89759]",[44555]
491,100.0,"[356, 6373, 106918, 49286, 2953, 81834, 129354, 45720, 140110, 2671, 367, 69844, 81845, 50872, 317, 2716, 7293, 6942]",[]
492,95.83,"[1, 3, 9, 653, 656, 662, 802, 805, 809, 1210, 1474, 1356, 1485, 1105, 88, 104, 748, 879, 112, 880, 886, 761, 762]",[1476]
493,91.67,"[163, 3267, 1573, 6, 3527, 2985, 876, 1196, 110, 1197, 1918]",[1954]
494,100.0,"[260, 1221, 1291, 589, 110, 1214]",[]
495,91.53,"[78209, 87306, 2959, 527, 4369, 1682, 104211, 148626, 45720, 97304, 100383, 45728, 4643, 112556, 6957, 50, 5810, 67255, 1208, 87869, 88125, 4545, 8641, 5956, 53322, 73290, 115149, 3535, 8783, 1617, 112852, 8917, 7254, 344, 74458, 1246, 1247, 127198, 134368, 96610, 146656, 356, 64614, 54503, 45672, 2409, 2410, 2411, 1645, 134130, 106100, 63992, 3578, 7163]","[104, 5449, 52973, 94959, 19]"
496,33.33,"[858, 99149]","[904, 109374, 912, 106920]"
497,44.44,"[1258, 1916, 68954, 111]","[96829, 551, 19, 86781, 1247]"
498,100.0,"[318, 7, 104, 648, 588, 333, 339, 62]",[]
499,83.33,"[4128, 1220, 4327, 1201, 1202]",[3727]
500,93.33,"[1, 1476, 2599, 104, 1641, 588, 1580, 2700, 3566, 176, 3536, 595, 3355, 543]",[2542]
501,100.0,"[3, 805, 7, 10, 780, 762]",[]
502,83.33,"[520, 3052, 2640, 2746, 318]",[596]
503,71.43,"[1089, 4226, 296, 2025, 1611, 1997, 147, 4537, 924, 68157]","[93840, 1036, 3461, 175]"
504,88.89,"[1, 4993, 5955, 5989, 6950, 3783, 296, 6377, 345, 1968, 2289, 2321, 4979, 6932, 3897, 6942]","[4361, 3556]"
505,87.5,"[2087, 968, 8874, 2959, 47, 593, 71535]",[3461]
506,100.0,"[39, 68269, 2541, 37741, 62293, 61240]",[]
507,66.67,"[339, 356]",[34]
508,66.67,"[2011, 1270]",[1222]
509,81.48,"[1, 122892, 71057, 19, 32, 115617, 31658, 99114, 1196, 1197, 81847, 117176, 98491, 5952, 2761, 96588, 33004, 84847, 1136, 5618, 66934, 70521]","[88163, 2762, 5971, 33779, 2683]"
510,77.78,"[6787, 101, 457, 1258, 50, 3198, 1247]","[1248, 3608]"
511,83.33,"[4993, 115713, 356, 91529, 119145, 115149, 527, 7153, 89745, 90866]","[4973, 318]"
512,100.0,"[32, 480, 288, 39, 296, 47, 527, 474, 253]",[]
513,42.86,"[32, 1210, 150]","[920, 6787, 923, 110]"
514,80.7,"[1, 4995, 26375, 1288, 4361, 11, 1291, 148626, 26133, 2455, 142488, 79132, 3740, 3360, 2081, 1954, 3361, 2087, 1449, 2858, 1584, 2096, 8368, 2867, 440, 1210, 1213, 1214, 68157, 76093, 60487, 3703, 1610, 80463, 596, 2398, 608, 356, 1124, 59369, 4855, 364, 134130, 2804, 102903, 1278]","[34, 648, 1961, 1962, 1128, 96588, 1136, 104211, 2420, 3253, 3671]"
515,100.0,"[260, 174055, 48780, 50, 59315, 168250, 168252, 318, 58559]",[]
516,66.67,"[480, 4322, 260, 4333]","[457, 4349]"
517,91.67,"[1, 899, 1028, 8965, 1029, 1293, 47629, 277, 34, 2087, 2096, 953, 70599, 80969, 2384, 4306, 595, 1367, 41566, 616, 1641, 82169]","[4022, 3967]"
518,66.67,"[1215, 6323, 6365, 6333]","[1275, 1276]"
519,85.71,"[356, 140110, 34162, 7445, 318, 51935]",[1704]
520,81.08,"[34048, 4993, 3462, 1801, 5008, 2723, 2470, 59315, 81845, 4027, 316, 1215, 586, 1356, 589, 1234, 4306, 1240, 2010, 2011, 7266, 2916, 34405, 2406, 2791, 750, 7153, 4085, 2423, 253]","[4995, 10, 7147, 1485, 3469, 1358, 3408]"
521,100.0,"[608, 837, 6, 648, 14, 1073, 18, 628]",[]
522,85.37,"[33794, 48516, 63113, 778, 10, 91529, 91658, 2959, 1784, 89745, 82459, 82461, 50, 51255, 5944, 2105, 1210, 1214, 1220, 112852, 5464, 858, 27611, 2908, 1372, 1374, 1373, 4963, 2918, 2028, 110, 66544, 49272, 77561, 127098]","[27369, 66665, 588, 81932, 77455, 76060]"
523,82.61,"[62336, 4993, 2, 4995, 102407, 152081, 45722, 293, 1704, 168252, 58559, 7361, 5444, 33615, 103772, 37729, 103141, 65261, 7153]","[1485, 1721, 7147, 317]"
524,94.44,"[1, 6, 552, 553, 10, 1225, 1291, 367, 1231, 1233, 1047, 1049, 377, 1275, 924, 349, 1278]",[587]
525,79.69,"[1, 122882, 1028, 520, 68237, 4878, 5903, 914, 106642, 2324, 6807, 3481, 3996, 44195, 80549, 39, 44199, 2858, 3114, 31658, 1197, 1198, 8366, 8368, 50, 8370, 1210, 103228, 95167, 159817, 96588, 96079, 4816, 104272, 5971, 6874, 2396, 3421, 480, 2788, 2918, 5991, 119145, 33004, 52975, 1394, 2291, 6773, 1527, 69757, 4734]","[1569, 53123, 27878, 120807, 81834, 44555, 4014, 4016, 54001, 916, 69844, 81591, 380]"
526,66.67,"[106916, 1732, 296, 1961, 106920, 55247, 2324, 51255, 215, 109374]","[55814, 4973, 4014, 4027, 318]"
527,88.1,"[2, 260, 2950, 2822, 1031, 2057, 1035, 2193, 2455, 2968, 2716, 3359, 4896, 34, 2470, 2471, 4016, 4912, 1587, 1214, 3396, 1350, 3016, 3401, 4936, 1356, 1997, 2000, 593, 595, 1371, 1246, 609, 1254, 2797, 2160, 2161]","[3751, 4232, 1810, 1017, 1663]"
528,91.67,"[5254, 1222, 296, 1704, 5418, 91529, 110, 89492, 150, 1240, 85342]",[4995]
529,100.0,"[32, 95, 135]",[]
530,100.0,"[480, 292, 587, 11, 150, 539]",[]
531,60.0,"[480, 4993, 260]","[10, 5349]"
532,92.86,"[608, 707, 4262, 6, 1291, 110, 111, 2288, 4210, 2329, 858, 1245, 2366]",[1343]
533,100.0,"[1, 356, 2571, 2959, 1200, 3727, 68954, 79132, 80831]",[]
534,86.87,"[1, 2, 69122, 10, 2571, 122904, 3624, 1580, 73268, 51255, 2617, 2115, 130634, 73804, 596, 56921, 6754, 2161, 27251, 45186, 95875, 1676, 653, 111759, 69275, 44191, 165, 80549, 111781, 173, 180, 5816, 1210, 85179, 1215, 104129, 61132, 6863, 3793, 33493, 91353, 42718, 60126, 61160, 1270, 5882, 8961, 68358, 780, 7438, 4370, 4896, 57640, 99112, 99117, 7991, 100163, 96588, 79695, 51024, 2394, 103772, 91485, 4446, 4963, 85367, 4993, 2948, 2949, 393, 76175, 7569, 91542, 85414, 103335, 2985, 4533, 442, 64969, 2003, 2005, 130520, 27611, 480, 95720, 65514]","[57504, 6659, 112580, 33669, 5574, 3751, 2089, 1682, 34162, 2004, 65685, 79702, 50872]"
535,66.67,"[2571, 2599]",[2692]
536,100.0,"[45, 110, 368, 434, 371, 150]",[]
537,83.33,"[105504, 69122, 99114, 6539, 7153, 98961, 69844, 58295, 2329, 318]","[6888, 367]"
538,91.67,"[3396, 80549, 2918, 520, 364, 5618, 1907, 69844, 5047, 7386, 69757]",[158]
539,66.67,"[6753, 6539, 1197, 8961]","[65, 318]"
540,88.89,"[260, 2628, 296, 32587, 6539, 47, 2772, 2747]",[8874]
541,83.33,"[454, 7, 457, 10, 11, 593, 474, 316, 253, 318]","[594, 590]"
542,95.24,"[46976, 2571, 141, 3863, 2329, 44191, 8360, 5418, 47, 1200, 5679, 5299, 1206, 318, 8644, 1097, 45517, 8529, 3948, 2302]",[3949]
543,80.95,"[4545, 33794, 86882, 88163, 165, 1253, 231, 2791, 2792, 2858, 2378, 1036, 2379, 4526, 4886, 50872, 1917]","[48385, 637, 83134, 135]"
544,100.0,"[736, 68, 40, 780, 1042, 62]",[]
545,66.67,"[1267, 1876]",[1438]
546,91.67,"[3941, 3942, 70, 3408, 3409, 370, 1971, 1972, 3959, 1976, 3354]",[104]
547,100.0,"[2917, 1189, 2858, 1131, 2076, 541]",[]
548,83.33,"[5955, 4899, 69, 4776, 733]",[356]
549,80.0,"[1036, 122924, 293, 79132]",[318]
550,100.0,"[1, 122882, 356, 80549, 122892, 79132, 86332, 116797, 318]",[]
551,92.59,"[166528, 45186, 63113, 2959, 89745, 106782, 293, 60069, 3623, 1704, 111659, 112171, 47, 45499, 318, 88129, 1608, 88140, 136020, 1370, 6365, 5989, 59369, 34162, 159093]","[6377, 3147]"
552,77.78,"[356, 1125, 3175, 296, 2857, 2762, 2890, 3114, 4878, 1136, 1617, 4848, 1175, 1912]","[1704, 4995, 3148, 235]"
553,95.24,"[6016, 6, 778, 55820, 16, 3481, 32, 43684, 44199, 2353, 58295, 2231, 1089, 1729, 40148, 55765, 858, 5989, 6378, 3949]",[3897]
554,90.48,"[899, 1028, 901, 903, 1032, 1673, 2324, 2710, 1947, 170, 2096, 307, 2746, 1210, 1213, 1225, 2282, 2804, 1022]","[1674, 306]"
555,83.33,"[1, 3, 2436, 2694, 3210, 1290, 141, 2445, 1784, 145, 21, 410, 1307, 541, 542, 543, 2423, 926, 419, 1320, 4008, 2348, 2989, 1454, 1584, 2352, 2997, 438, 1591, 1208, 1210, 1466, 316, 1213, 318, 2241, 1090, 2243, 1092, 1732, 3448, 1476, 2248, 2889, 3016, 3534, 4047, 2000, 2133, 2134, 2007, 2907, 3550, 2015, 2527, 2529, 866, 3175, 1257, 1258, 1259, 110, 2671, 1777, 3702, 3703, 3704, 4086, 3450, 2683]","[708, 1573, 1094, 2858, 2124, 720, 913, 3250, 2517, 3608, 314, 700, 3421, 2335]"
556,100.0,"[4896, 3081, 48394, 588, 40815, 49649, 93363, 112852, 98809]",[]
557,100.0,"[165, 10, 2571, 4306, 150, 2617]",[]
558,91.67,"[5152, 5127, 2028, 1968, 593, 3825, 5171, 3831, 2297, 4062, 223]",[597]
559,100.0,"[480, 1, 2, 608, 260, 610, 6, 265, 1356, 237, 661, 1527, 1210, 475, 508]",[]
560,76.19,"[48385, 122882, 122886, 48394, 2571, 1676, 68237, 7438, 53519, 54286, 133771, 1682, 59026, 8981, 8984, 2329, 79132, 106782, 4383, 7460, 47, 36529, 50, 1080, 8376, 1210, 316, 68157, 58559, 1089, 57669, 70, 1222, 2762, 2763, 80463, 4816, 1249, 5989, 37733, 5991, 6119, 5613, 367, 3826, 5618, 377, 35836]","[26308, 5669, 54372, 1673, 2858, 48045, 2541, 3822, 4720, 102194, 106100, 68886, 81591, 3578, 923]"
561,89.29,"[1408, 1, 2, 1282, 33794, 166528, 6, 68358, 91529, 1291, 780, 2571, 4878, 3087, 3471, 913, 6539, 89745, 1302, 91542, 2072, 3994, 4776, 2985, 8874, 1196, 1197, 1198, 1587, 138036, 4027, 318, 3527, 2640, 2641, 596, 3033, 6874, 68954, 1246, 353, 2402, 2403, 356, 1252, 6502, 34405, 2409, 2028, 1663]","[3552, 1250, 63082, 4011, 4886, 2109]"
562,86.27,"[1, 1285, 1290, 2571, 93840, 529, 1682, 2580, 4886, 3481, 4135, 3499, 7340, 1200, 50, 5810, 6323, 3510, 68157, 1214, 1219, 2248, 4936, 1994, 55118, 2000, 2003, 74324, 1625, 71899, 53468, 91485, 4963, 2916, 88163, 2918, 53996, 2288, 4210, 1653, 7160, 1275, 508, 7293]","[5989, 110, 527, 2942, 4219, 2268, 2654]"
563,83.33,"[134368, 72641, 72737, 1028, 134853, 1035, 588, 95307, 95441, 595, 96821, 47382, 919, 134393, 3967]","[4025, 356, 2324]"
564,95.24,"[5377, 81537, 40581, 37384, 128520, 67734, 69278, 80549, 68135, 6188, 85367, 103883, 102481, 119141, 119145, 3948, 1265, 1270, 102903, 46970]",[500]
565,100.0,"[32, 34, 457, 47, 474, 380]",[]
566,100.0,"[480, 161, 2, 736, 7, 296, 457, 648, 11, 203, 497, 151, 316, 318]",[]
567,100.0,"[6818, 122882, 112421, 1260, 56782, 122926, 7024, 1203, 5690, 1916, 58301, 57502, 180031]",[]
568,83.33,"[296, 3053, 2863, 50, 2359]",[356]
569,83.33,"[480, 165, 10, 588, 153]",[434]
570,85.71,"[32, 1, 4993, 5445, 48774, 5349, 1196, 1197, 1198, 2959, 527, 1580, 1584, 589, 1625, 597, 2841, 45722]","[25, 2858, 47099]"
571,100.0,"[3072, 1345, 610, 1350, 968, 1387, 3499, 2867, 253]",[]
572,94.59,"[3072, 1, 904, 2570, 1291, 1292, 1293, 17, 21, 1945, 1950, 1952, 1569, 1077, 1079, 1208, 1210, 1086, 1214, 2243, 2245, 457, 858, 3037, 1247, 480, 3552, 1250, 1252, 357, 2028, 2670, 2671, 1396, 3068]","[1442, 902]"
573,90.67,"[1, 2, 1923, 260, 4226, 6, 4993, 648, 2953, 8961, 2571, 6539, 48394, 48774, 4239, 5903, 60684, 7445, 4886, 39446, 53125, 8985, 78499, 293, 4262, 3751, 60069, 3753, 8361, 60072, 88744, 99114, 36529, 68659, 48516, 1080, 2617, 6586, 7482, 68157, 1214, 5952, 1089, 88129, 457, 88140, 53972, 2005, 1240, 74458, 2011, 76251, 733, 480, 736, 41569, 96610, 2916, 5989, 2918, 6502, 2542, 1136, 68358, 98809, 380, 8957, 1407]","[231, 53000, 1225, 3752, 1387, 1485, 4979]"
574,100.0,"[110, 47, 339, 150, 344, 380]",[]
575,83.33,"[2598, 2599, 296, 430, 2583]",[1259]
576,33.33,[1321],"[1345, 1223]"
577,92.0,"[2944, 2947, 260, 6, 1287, 1291, 2194, 1939, 1183, 1954, 1959, 5060, 2245, 1222, 1225, 1101, 590, 1231, 858, 1129, 110, 2804, 1275]","[593, 2146]"
578,66.67,"[58154, 3155, 52668, 56389]","[2496, 830]"
579,93.33,"[1, 2724, 1608, 3082, 2763, 527, 48, 17, 2096, 595, 1588, 1653, 2324, 2355]",[597]
580,86.76,"[6016, 1527, 48516, 260, 6, 4103, 4874, 1036, 4878, 2959, 16, 54286, 22, 6294, 45722, 2716, 33437, 541, 293, 1196, 1580, 1198, 1199, 38061, 1079, 6583, 6711, 45880, 7360, 7361, 1729, 4034, 5954, 1732, 2117, 1222, 3703, 5445, 32587, 208, 858, 8798, 8800, 37733, 3176, 5608, 33004, 56174, 4848, 7153, 1394, 6645, 2294, 2167, 1784, 3702, 3578, 508, 5502]","[480, 2692, 4041, 3081, 1225, 37741, 2671, 8730, 1246]"
581,100.0,"[7361, 4226, 92259, 356, 112552, 6377, 527, 109487, 7153, 4306, 4886, 318]",[]
582,100.0,"[92259, 260, 91658, 1196, 81229, 94864, 593, 54001, 59315, 134130, 79132, 81564, 58559]",[]
583,100.0,"[39, 239, 4016, 5620, 3988, 216]",[]
584,100.0,"[1, 10, 22, 539, 161, 420, 165, 173, 434, 315, 317, 329, 736, 225, 227, 236, 500, 380, 508]",[]
585,94.44,"[3424, 1089, 3362, 1222, 32587, 27373, 2076, 111, 16, 2447, 3861, 7445, 1213, 2329, 74458, 79132, 68157]",[88]
586,94.44,"[2, 59784, 2571, 135436, 135569, 3986, 106002, 95510, 122906, 86298, 122912, 161, 122916, 72998, 103335, 118696, 3753, 1196, 1580, 1198, 1200, 87222, 5944, 50872, 168252, 1597, 76093, 5952, 457, 97225, 1485, 45517, 3793, 5459, 33493, 116823, 2393, 8665, 117851, 96861, 135133, 71264, 86880, 168418, 27619, 59369, 59501, 110, 106489, 47610, 167036]","[553, 2490, 587]"
587,95.24,"[1, 898, 515, 11, 910, 21, 2716, 2973, 2080, 3361, 3363, 296, 2605, 1711, 2352, 2997, 1080, 2108, 838, 1096, 329, 3402, 1235, 342, 1238, 2393, 1883, 1372, 1244, 1373, 1374, 2144, 2396, 2657, 2918, 1772, 497, 500, 3448, 3449]","[3451, 1094]"
588,100.0,"[6, 333, 16, 50, 349, 318]",[]
589,100.0,"[356, 36, 587, 590, 111, 527, 337, 342, 25]",[]
590,85.53,"[1, 6787, 2565, 68358, 903, 904, 2186, 1291, 908, 1293, 6539, 7438, 3088, 31116, 2194, 3730, 922, 923, 924, 2202, 82459, 7840, 3365, 1962, 431, 2863, 50, 1204, 1207, 1208, 953, 954, 955, 1086, 1982, 1089, 3396, 3654, 1097, 1610, 32587, 588, 589, 1231, 1233, 594, 1234, 4306, 52435, 7386, 3035, 68954, 2529, 1254, 2918, 1258, 3435, 364, 110, 1262, 6639, 54001, 2420, 2804, 3062]","[4321, 1287, 4361, 1641, 1387, 55820, 1997, 69481, 440, 30749, 3742]"
591,100.0,"[356, 3717, 260, 2694, 2761, 3793, 3798, 2683, 223]",[]
592,93.33,"[353, 2, 356, 198, 15, 208, 593, 19, 500, 533, 595, 253, 539, 349]",[610]
593,80.0,"[1411, 1476, 892, 41, 35836, 3408, 1393, 50, 3578, 3996, 858, 44191]","[912, 34, 33166]"
594,89.47,"[7169, 2, 3, 1923, 648, 393, 6793, 11, 1036, 653, 1676, 6155, 145, 1429, 7320, 2716, 284, 158, 5151, 160, 289, 8866, 2340, 552, 2986, 7345, 3257, 4025, 315, 3004, 8643, 586, 587, 5066, 2000, 2001, 2640, 4054, 1370, 1626, 2268, 2269, 990, 736, 6754, 4069, 6765, 2671, 6006, 377, 380]","[1088, 8778, 6287, 1393, 1652, 5308]"
595,83.33,"[2336, 265, 50, 501, 2078]",[1966]
596,91.11,"[1, 4226, 8961, 68358, 904, 48780, 171917, 70286, 2959, 5903, 111759, 135569, 110102, 919, 142488, 96281, 122906, 3996, 122912, 2081, 122916, 111913, 66097, 138036, 51255, 3000, 1210, 168252, 1214, 88140, 4306, 5971, 1748, 168026, 27611, 616, 3052, 27246, 5618, 1907, 45175]","[1192, 95167, 34, 39]"
597,81.44,"[1036, 1042, 21, 1057, 34, 2599, 1086, 1089, 1090, 2116, 588, 589, 2639, 592, 1617, 2134, 1627, 1635, 1129, 110, 1135, 1136, 1188, 1193, 1194, 1207, 1208, 1210, 2749, 2240, 2241, 2243, 1732, 1228, 1230, 1231, 2779, 1252, 1257, 2290, 2291, 2301, 1284, 1285, 1288, 1307, 2872, 1344, 1345, 322, 2890, 2387, 2395, 356, 2413, 2414, 1912, 1916, 1918, 2948, 2949, 2951, 904, 909, 913, 1958, 1959, 2475, 2993, 1476, 5060, 457, 3029, 474, 1500, 2014, 480, 2028, 1517]","[1, 2114, 2371, 2502, 104, 1719, 2762, 1259, 2877, 1961, 3019, 2416, 2518, 2583, 2040, 1721, 348, 125]"
598,100.0,"[4963, 113829, 5418, 103543, 5816, 114265]",[]
599,89.47,"[3200, 96004, 48774, 6, 2951, 2186, 1291, 2571, 3468, 6283, 7438, 912, 2064, 3476, 21, 924, 541, 95780, 1704, 2858, 431, 47, 3503, 1206, 81591, 1208, 1210, 7482, 1729, 1732, 2502, 1095, 1097, 1232, 1236, 1237, 3160, 4441, 7387, 84187, 95965, 480, 1377, 2529, 52328, 1129, 4848, 2161, 4467, 6645, 55167]","[3168, 1283, 2947, 6440, 81562, 923]"
600,71.67,"[46976, 2, 899, 4873, 1291, 5902, 2321, 914, 6807, 3608, 2329, 45722, 2717, 32, 4896, 551, 1196, 1197, 1198, 66097, 3000, 4280, 8633, 3007, 5952, 1345, 1235, 27731, 3671, 30810, 2011, 1244, 2012, 2139, 2140, 6874, 2017, 356, 2788, 3812, 7022, 500, 5878]","[2144, 1251, 53125, 27879, 8874, 2797, 8910, 4973, 46578, 2324, 1333, 4246, 55830, 2997, 4308, 858, 29]"
601,86.67,"[6016, 1, 4226, 48516, 168326, 48394, 48780, 70286, 81834, 112556, 47, 109487, 50, 1721, 68157, 170697, 80463, 170705, 4306, 5971, 112852, 68954, 2019, 5989, 3578, 1917]","[1136, 1193, 80549, 1197]"
602,100.0,"[2, 153, 260, 550, 296, 266, 780, 14, 527, 786, 500, 21, 150, 151, 373, 377, 410, 733]",[]
603,74.85,"[1, 3586, 6, 16, 2066, 3091, 2580, 534, 535, 1050, 539, 1056, 3104, 6184, 3115, 1580, 53, 1594, 1596, 2110, 2111, 70, 1103, 1104, 2130, 1112, 608, 3168, 3175, 3176, 112, 1648, 1653, 2677, 3703, 2167, 4725, 3706, 2683, 2171, 2174, 1673, 3727, 1185, 674, 1188, 2726, 3244, 3246, 1200, 1201, 1719, 184, 187, 3260, 4799, 193, 1219, 1732, 1221, 1733, 1225, 1240, 1244, 235, 1265, 2291, 4855, 1273, 2304, 2314, 1296, 3344, 4369, 4378, 3359, 4390, 302, 2352, 2865, 2866, 307, 1339, 1343, 1344, 1856, 2369, 838, 849, 4433, 851, 1875, 2390, 1885, 3421, 4450, 363, 369, 1394, 2932, 1397, 2935, 904, 908, 909, 2956, 2959, 923, 924, 1947, 926, 1948, 3996, 1953, 1454, 1966, 948, 949, 3508, 446, 1982, 1994, 3531, 1484, 2512, 481, 2529, 3578]","[4738, 1289, 1292, 3341, 2575, 2064, 2065, 2966, 1051, 3998, 2593, 1186, 2729, 2858, 2731, 4011, 45, 1202, 306, 952, 3002, 3006, 3521, 1475, 3018, 4437, 471, 728, 3418, 3422, 1247, 2528, 232, 233, 377, 2926, 1391, 4720, 1267, 121, 2682, 3580, 125]"
604,93.33,"[2, 611, 610, 364, 14, 111, 112, 17, 272, 366, 277, 410, 637, 158]",[265]
605,88.24,"[5952, 4993, 1028, 74282, 2012, 2572, 1197, 28, 1073, 53140, 150, 2617, 47610, 46972, 76093]","[1, 4639]"
606,77.96,"[3083, 3089, 18, 3094, 29, 1571, 5669, 1066, 7212, 4147, 1079, 4152, 3641, 1081, 4155, 1611, 590, 1614, 593, 82, 30803, 597, 3681, 3186, 3194, 2176, 27266, 2691, 2692, 6789, 2183, 6791, 1175, 1176, 6807, 154, 1184, 44195, 44199, 3241, 8879, 1208, 1721, 5304, 2239, 2243, 1732, 1221, 1222, 1225, 6345, 6350, 4306, 4308, 33493, 69844, 1247, 5349, 8933, 232, 6376, 3306, 1259, 3307, 3310, 2803, 4351, 1281, 1282, 2819, 260, 1285, 8961, 8456, 778, 48394, 781, 8464, 2321, 4881, 4883, 2324, 27408, 30994, 47894, 2329, 26394, 795, 5915, 33564, 8487, 6961, 308, 6970, 76093, 7486, 5952, 321, 5954, 1357, 3920, 6993, 4437, 8033, 1399, 4993, 4995, 4484, 3462, 2951, 905, 908, 909, 2959, 2455, 924, 1949, 926, 927, 3996, 26527, 48032, 1955, 1958, 31658, 2481, 7089, 3507, 7090, 7093, 39869, 961, 969, 55247, 6100, 469, 6618, 475, 2020, 2021, 26599, 497, 5618, 6644, 6140]","[2181, 2822, 263, 39183, 17, 55442, 147, 4886, 44189, 33310, 55069, 2467, 7460, 3499, 27186, 1204, 2997, 1206, 2232, 953, 7487, 6591, 1729, 5319, 1354, 8014, 337, 6107, 3684, 5733, 1258, 91500, 2028, 4464, 7153, 4979, 2677, 7160, 39292, 7934, 3967]"
607,94.12,"[1, 527, 3347, 919, 3361, 36, 553, 2097, 1717, 4022, 2881, 3016, 2889, 3273, 589, 2000, 86, 1240, 1249, 2529, 2403, 1385, 1258, 1387, 2028, 366, 1394, 377, 891, 380, 1917, 1918]","[2420, 949]"
608,86.9,"[1527, 2568, 6281, 10, 3082, 8972, 6537, 7438, 7439, 16, 4369, 4370, 4886, 2840, 3481, 4890, 1566, 44191, 799, 32031, 3362, 1953, 1954, 4901, 1704, 1961, 6187, 2502, 47, 6193, 5171, 4148, 8371, 2231, 2232, 3897, 5952, 1729, 5954, 4034, 1220, 1221, 1732, 5956, 5445, 8644, 2762, 3147, 3915, 7373, 32587, 333, 5459, 4052, 40278, 5464, 8665, 6874, 858, 1500, 4446, 353, 5218, 5219, 6378, 7147, 6893, 750, 2542, 7153, 42738, 2167, 7163]","[8966, 383, 1258, 2763, 3148, 8970, 32302, 3948, 6539, 3477, 6879]"
609,100.0,"[296, 10, 253]",[]
610,79.03,"[1, 122882, 6, 122886, 104457, 115210, 2571, 1036, 55820, 54286, 67087, 16, 52241, 81932, 122892, 152081, 66097, 156726, 52281, 88125, 71745, 88129, 141400, 8807, 1129, 1136, 45186, 74370, 31364, 95875, 48774, 31878, 8838, 42632, 5772, 79501, 93838, 93840, 34450, 110746, 69275, 2716, 3751, 8874, 133802, 1196, 3246, 5816, 1210, 1213, 1214, 58559, 7360, 3265, 7361, 87232, 1732, 2762, 69844, 99030, 215, 1241, 6874, 71899, 74458, 1245, 1247, 134368, 3298, 741, 89837, 750, 41712, 54001, 1274, 1276, 1279, 142598, 778, 48394, 4878, 4886, 3865, 79132, 4896, 26401, 99114, 6957, 7981, 99117, 7984, 3896, 168248, 76091, 102716, 57669, 96079, 56145, 27480, 96610, 69481, 8042, 56174, 115569, 5502, 6016, 48516, 107406, 2959, 60303, 2968, 3994, 924, 3996, 115617, 110501, 4011, 112556, 60333, 6063, 104879, 26547, 4533, 107447, 5049, 82366, 102338, 107462, 3527, 968, 4553, 1997, 3535, 2000, 471, 26585, 6618, 6620, 135133, 65514, 2028, 112623, 36850, 46578, 35836, 51709, 110591]","[112515, 166534, 89864, 6539, 1682, 5528, 45210, 82459, 40732, 2976, 6947, 57640, 27563, 94896, 168250, 27584, 3521, 194, 91077, 6214, 5574, 5064, 5833, 457, 72011, 7373, 464, 156371, 30812, 60766, 231, 102760, 140267, 4720, 104944, 79091, 54259, 5110, 1784]"
